2026-01-12 00:32:08 INFO  EmartApplication:54 - Starting EmartApplication using Java 21.0.8 with PID 6704 (D:\emart_project\emart\emart\target\classes started by amrit in D:\emart_project\emart\emart)
2026-01-12 00:32:08 INFO  EmartApplication:652 - No active profile set, falling back to 1 default profile: "default"
2026-01-12 00:32:08 INFO  DevToolsPropertyDefaultsPostProcessor:69 - Devtools property defaults active! Set 'spring.devtools.add-properties' to 'false' to disable
2026-01-12 00:32:08 INFO  DevToolsPropertyDefaultsPostProcessor:69 - For additional web related logging consider setting the 'logging.level.web' property to 'DEBUG'
2026-01-12 00:32:09 INFO  TomcatWebServer:114 - Tomcat initialized with port 8080 (http)
2026-01-12 00:32:09 INFO  Http11NioProtocol:168 - Initializing ProtocolHandler ["http-nio-8080"]
2026-01-12 00:32:09 INFO  StandardService:168 - Starting service [Tomcat]
2026-01-12 00:32:09 INFO  StandardEngine:168 - Starting Servlet engine: [Apache Tomcat/11.0.15]
2026-01-12 00:32:09 INFO  WebApplicationContextInitializer:77 - Root WebApplicationContext: initialization completed in 835 ms
2026-01-12 00:32:10 INFO  Http11NioProtocol:168 - Starting ProtocolHandler ["http-nio-8080"]
2026-01-12 00:32:10 INFO  TomcatWebServer:240 - Tomcat started on port 8080 (http) with context path '/emart'
2026-01-12 00:32:10 INFO  EmartApplication:60 - Started EmartApplication in 1.588 seconds (process running for 2.721)
2026-01-12 00:33:19 INFO  [/emart]:168 - Initializing Spring DispatcherServlet 'dispatcherServlet'
2026-01-12 00:33:19 INFO  DispatcherServlet:523 - Initializing Servlet 'dispatcherServlet'
2026-01-12 00:33:19 INFO  DispatcherServlet:545 - Completed initialization in 4 ms
2026-01-12 00:33:19 INFO  ProductController:26 - Fetching all products
2026-01-12 00:38:40 INFO  SpringApplicationAdminMXBeanRegistrar$SpringApplicationAdmin:150 - Application shutdown requested.
2026-01-12 00:38:40 INFO  GracefulShutdown:54 - Commencing graceful shutdown. Waiting for active requests to complete
2026-01-12 00:38:40 INFO  Http11NioProtocol:168 - Pausing ProtocolHandler ["http-nio-8080"]
2026-01-12 00:38:40 INFO  GracefulShutdown:76 - Graceful shutdown complete
2026-01-12 00:38:40 INFO  Http11NioProtocol:168 - Stopping ProtocolHandler ["http-nio-8080"]
2026-01-12 00:50:57 INFO  EmartApplication:54 - Starting EmartApplication using Java 21.0.8 with PID 2472 (D:\emart_project\emart\emart\target\classes started by amrit in D:\emart_project\emart\emart)
2026-01-12 00:50:57 INFO  EmartApplication:652 - No active profile set, falling back to 1 default profile: "default"
2026-01-12 00:50:57 INFO  DevToolsPropertyDefaultsPostProcessor:69 - Devtools property defaults active! Set 'spring.devtools.add-properties' to 'false' to disable
2026-01-12 00:50:57 INFO  DevToolsPropertyDefaultsPostProcessor:69 - For additional web related logging consider setting the 'logging.level.web' property to 'DEBUG'
2026-01-12 00:50:58 INFO  RepositoryConfigurationDelegate:145 - Bootstrapping Spring Data JPA repositories in DEFAULT mode.
2026-01-12 00:50:58 INFO  RepositoryConfigurationDelegate:213 - Finished Spring Data repository scanning in 13 ms. Found 0 JPA repository interfaces.
2026-01-12 00:50:58 INFO  TomcatWebServer:114 - Tomcat initialized with port 8080 (http)
2026-01-12 00:50:58 INFO  Http11NioProtocol:168 - Initializing ProtocolHandler ["http-nio-8080"]
2026-01-12 00:50:58 INFO  StandardService:168 - Starting service [Tomcat]
2026-01-12 00:50:58 INFO  StandardEngine:168 - Starting Servlet engine: [Apache Tomcat/11.0.15]
2026-01-12 00:50:58 INFO  WebApplicationContextInitializer:77 - Root WebApplicationContext: initialization completed in 1386 ms
2026-01-12 00:50:59 INFO  jpa:102 - HHH008540: Processing PersistenceUnitInfo [name: default]
2026-01-12 00:50:59 INFO  core:41 - HHH000001: Hibernate ORM core version 7.2.0.Final
2026-01-12 00:51:00 INFO  SpringPersistenceUnitInfo:128 - No LoadTimeWeaver setup: ignoring JPA class transformer
2026-01-12 00:51:00 INFO  HikariDataSource:109 - HikariPool-1 - Starting...
2026-01-12 00:51:01 WARN  error:143 - HHH000247: ErrorCode: 0, SQLState: 28P01
2026-01-12 00:51:01 WARN  error:144 - FATAL: password authentication failed for user "superuser"
2026-01-12 00:51:01 WARN  jdbc:444 - HHH100046: Could not obtain connection to query JDBC database metadata
org.hibernate.exception.AuthException: Unable to obtain isolated JDBC connection [FATAL: password authentication failed for user "superuser"] [n/a]
	at org.hibernate.exception.internal.SQLStateConversionDelegate.convert(SQLStateConversionDelegate.java:87)
	at org.hibernate.exception.internal.StandardSQLExceptionConverter.convert(StandardSQLExceptionConverter.java:34)
	at org.hibernate.engine.jdbc.spi.SqlExceptionHelper.convert(SqlExceptionHelper.java:115)
	at org.hibernate.engine.jdbc.spi.SqlExceptionHelper.convert(SqlExceptionHelper.java:101)
	at org.hibernate.resource.transaction.backend.jdbc.internal.JdbcIsolationDelegate.delegateWork(JdbcIsolationDelegate.java:51)
	at org.hibernate.engine.jdbc.env.internal.JdbcEnvironmentInitiator.getJdbcEnvironmentUsingJdbcMetadata(JdbcEnvironmentInitiator.java:366)
	at org.hibernate.engine.jdbc.env.internal.JdbcEnvironmentInitiator.getJdbcEnvironment(JdbcEnvironmentInitiator.java:143)
	at org.hibernate.engine.jdbc.env.internal.JdbcEnvironmentInitiator.initiateService(JdbcEnvironmentInitiator.java:120)
	at org.hibernate.engine.jdbc.env.internal.JdbcEnvironmentInitiator.initiateService(JdbcEnvironmentInitiator.java:80)
	at org.hibernate.boot.registry.internal.StandardServiceRegistryImpl.initiateService(StandardServiceRegistryImpl.java:133)
	at org.hibernate.service.internal.AbstractServiceRegistryImpl.createService(AbstractServiceRegistryImpl.java:260)
	at org.hibernate.service.internal.AbstractServiceRegistryImpl.initializeService(AbstractServiceRegistryImpl.java:235)
	at org.hibernate.service.internal.AbstractServiceRegistryImpl.getService(AbstractServiceRegistryImpl.java:212)
	at org.hibernate.boot.model.relational.Database.<init>(Database.java:44)
	at org.hibernate.boot.internal.InFlightMetadataCollectorImpl.getDatabase(InFlightMetadataCollectorImpl.java:251)
	at org.hibernate.boot.internal.InFlightMetadataCollectorImpl.<init>(InFlightMetadataCollectorImpl.java:203)
	at org.hibernate.boot.model.process.spi.MetadataBuildingProcess.complete(MetadataBuildingProcess.java:170)
	at org.hibernate.jpa.boot.internal.EntityManagerFactoryBuilderImpl.metadata(EntityManagerFactoryBuilderImpl.java:1392)
	at org.hibernate.jpa.boot.internal.EntityManagerFactoryBuilderImpl.populateSessionFactoryBuilder(EntityManagerFactoryBuilderImpl.java:1472)
	at org.hibernate.jpa.boot.internal.EntityManagerFactoryBuilderImpl.build(EntityManagerFactoryBuilderImpl.java:1454)
	at org.springframework.orm.jpa.vendor.SpringHibernateJpaPersistenceProvider.createContainerEntityManagerFactory(SpringHibernateJpaPersistenceProvider.java:66)
	at org.springframework.orm.jpa.LocalContainerEntityManagerFactoryBean.createNativeEntityManagerFactory(LocalContainerEntityManagerFactoryBean.java:433)
	at org.springframework.orm.jpa.AbstractEntityManagerFactoryBean.buildNativeEntityManagerFactory(AbstractEntityManagerFactoryBean.java:416)
	at org.springframework.orm.jpa.AbstractEntityManagerFactoryBean.afterPropertiesSet(AbstractEntityManagerFactoryBean.java:396)
	at org.springframework.orm.jpa.LocalContainerEntityManagerFactoryBean.afterPropertiesSet(LocalContainerEntityManagerFactoryBean.java:409)
	at org.springframework.beans.factory.support.AbstractAutowireCapableBeanFactory.invokeInitMethods(AbstractAutowireCapableBeanFactory.java:1864)
	at org.springframework.beans.factory.support.AbstractAutowireCapableBeanFactory.initializeBean(AbstractAutowireCapableBeanFactory.java:1813)
	at org.springframework.beans.factory.support.AbstractAutowireCapableBeanFactory.doCreateBean(AbstractAutowireCapableBeanFactory.java:603)
	at org.springframework.beans.factory.support.AbstractAutowireCapableBeanFactory.createBean(AbstractAutowireCapableBeanFactory.java:525)
	at org.springframework.beans.factory.support.AbstractBeanFactory.lambda$doGetBean$0(AbstractBeanFactory.java:333)
	at org.springframework.beans.factory.support.DefaultSingletonBeanRegistry.getSingleton(DefaultSingletonBeanRegistry.java:371)
	at org.springframework.beans.factory.support.AbstractBeanFactory.doGetBean(AbstractBeanFactory.java:331)
	at org.springframework.beans.factory.support.AbstractBeanFactory.getBean(AbstractBeanFactory.java:201)
	at org.springframework.context.support.AbstractApplicationContext.finishBeanFactoryInitialization(AbstractApplicationContext.java:976)
	at org.springframework.context.support.AbstractApplicationContext.refresh(AbstractApplicationContext.java:620)
	at org.springframework.boot.web.server.servlet.context.ServletWebServerApplicationContext.refresh(ServletWebServerApplicationContext.java:143)
	at org.springframework.boot.SpringApplication.refresh(SpringApplication.java:756)
	at org.springframework.boot.SpringApplication.refreshContext(SpringApplication.java:445)
	at org.springframework.boot.SpringApplication.run(SpringApplication.java:321)
	at org.springframework.boot.SpringApplication.run(SpringApplication.java:1365)
	at org.springframework.boot.SpringApplication.run(SpringApplication.java:1354)
	at com.example.emart.EmartApplication.main(EmartApplication.java:10)
	at java.base/jdk.internal.reflect.DirectMethodHandleAccessor.invoke(DirectMethodHandleAccessor.java:103)
	at java.base/java.lang.reflect.Method.invoke(Method.java:580)
	at org.springframework.boot.devtools.restart.RestartLauncher.run(RestartLauncher.java:52)
Caused by: org.postgresql.util.PSQLException: FATAL: password authentication failed for user "superuser"
	at org.postgresql.core.v3.ConnectionFactoryImpl.doAuthentication(ConnectionFactoryImpl.java:778)
	at org.postgresql.core.v3.ConnectionFactoryImpl.tryConnect(ConnectionFactoryImpl.java:234)
	at org.postgresql.core.v3.ConnectionFactoryImpl.openConnectionImpl(ConnectionFactoryImpl.java:289)
	at org.postgresql.core.ConnectionFactory.openConnection(ConnectionFactory.java:57)
	at org.postgresql.jdbc.PgConnection.<init>(PgConnection.java:279)
	at org.postgresql.Driver.makeConnection(Driver.java:448)
	at org.postgresql.Driver.connect(Driver.java:298)
	at com.zaxxer.hikari.util.DriverDataSource.getConnection(DriverDataSource.java:144)
	at com.zaxxer.hikari.pool.PoolBase.newConnection(PoolBase.java:373)
	at com.zaxxer.hikari.pool.PoolBase.newPoolEntry(PoolBase.java:210)
	at com.zaxxer.hikari.pool.HikariPool.createPoolEntry(HikariPool.java:488)
	at com.zaxxer.hikari.pool.HikariPool.checkFailFast(HikariPool.java:576)
	at com.zaxxer.hikari.pool.HikariPool.<init>(HikariPool.java:97)
	at com.zaxxer.hikari.HikariDataSource.getConnection(HikariDataSource.java:111)
	at org.hibernate.engine.jdbc.connections.internal.DataSourceConnectionProvider.getConnection(DataSourceConnectionProvider.java:137)
	at org.hibernate.engine.jdbc.env.internal.JdbcEnvironmentInitiator$ConnectionProviderJdbcConnectionAccess.obtainConnection(JdbcEnvironmentInitiator.java:508)
	at org.hibernate.resource.transaction.backend.jdbc.internal.JdbcIsolationDelegate.delegateWork(JdbcIsolationDelegate.java:48)
	... 40 more
2026-01-12 00:51:01 WARN  deprecation:152 - HHH90000025: PostgreSQLDialect does not need to be specified explicitly using 'hibernate.dialect' (remove the property setting and it will be selected by default)
2026-01-12 00:51:01 INFO  pooling:179 - HHH10001005: Database info:
	Database JDBC URL [undefined/unknown]
	Database driver: undefined/unknown
	Database dialect: PostgreSQLDialect
	Database version: 13.0
	Default catalog/schema: unknown/unknown
	Autocommit mode: undefined/unknown
	Isolation level: NONE [default NONE]
	JDBC fetch size: undefined/unknown
	Pool: DataSourceConnectionProvider
	Minimum pool size: undefined/unknown
	Maximum pool size: undefined/unknown
2026-01-12 00:51:01 INFO  core:53 - HHH000489: No JTA platform available (set 'hibernate.transaction.jta.platform' to enable JTA platform integration)
2026-01-12 00:51:01 INFO  LocalContainerEntityManagerFactoryBean:444 - Initialized JPA EntityManagerFactory for persistence unit 'default'
2026-01-12 00:51:01 WARN  JpaBaseConfiguration$JpaWebConfiguration:247 - spring.jpa.open-in-view is enabled by default. Therefore, database queries may be performed during view rendering. Explicitly configure spring.jpa.open-in-view to disable this warning
2026-01-12 00:51:02 INFO  Http11NioProtocol:168 - Starting ProtocolHandler ["http-nio-8080"]
2026-01-12 00:51:02 INFO  TomcatWebServer:240 - Tomcat started on port 8080 (http) with context path '/emart'
2026-01-12 00:51:02 INFO  EmartApplication:60 - Started EmartApplication in 4.946 seconds (process running for 6.076)
2026-01-12 00:54:12 INFO  SpringApplicationAdminMXBeanRegistrar$SpringApplicationAdmin:150 - Application shutdown requested.
2026-01-12 00:54:12 INFO  GracefulShutdown:54 - Commencing graceful shutdown. Waiting for active requests to complete
2026-01-12 00:54:12 INFO  Http11NioProtocol:168 - Pausing ProtocolHandler ["http-nio-8080"]
2026-01-12 00:54:12 INFO  GracefulShutdown:76 - Graceful shutdown complete
2026-01-12 00:54:12 INFO  Http11NioProtocol:168 - Stopping ProtocolHandler ["http-nio-8080"]
2026-01-12 00:54:12 INFO  LocalContainerEntityManagerFactoryBean:667 - Closing JPA EntityManagerFactory for persistence unit 'default'
2026-01-12 00:57:56 INFO  EmartApplication:54 - Starting EmartApplication using Java 21.0.8 with PID 16508 (D:\emart_project\emart\emart\target\classes started by amrit in D:\emart_project\emart\emart)
2026-01-12 00:57:56 INFO  EmartApplication:652 - No active profile set, falling back to 1 default profile: "default"
2026-01-12 00:57:56 INFO  DevToolsPropertyDefaultsPostProcessor:69 - Devtools property defaults active! Set 'spring.devtools.add-properties' to 'false' to disable
2026-01-12 00:57:56 INFO  DevToolsPropertyDefaultsPostProcessor:69 - For additional web related logging consider setting the 'logging.level.web' property to 'DEBUG'
2026-01-12 00:57:57 INFO  RepositoryConfigurationDelegate:145 - Bootstrapping Spring Data JPA repositories in DEFAULT mode.
2026-01-12 00:57:57 INFO  RepositoryConfigurationDelegate:213 - Finished Spring Data repository scanning in 12 ms. Found 0 JPA repository interfaces.
2026-01-12 00:57:57 INFO  TomcatWebServer:114 - Tomcat initialized with port 8080 (http)
2026-01-12 00:57:57 INFO  Http11NioProtocol:168 - Initializing ProtocolHandler ["http-nio-8080"]
2026-01-12 00:57:57 INFO  StandardService:168 - Starting service [Tomcat]
2026-01-12 00:57:57 INFO  StandardEngine:168 - Starting Servlet engine: [Apache Tomcat/11.0.15]
2026-01-12 00:57:57 INFO  WebApplicationContextInitializer:77 - Root WebApplicationContext: initialization completed in 915 ms
2026-01-12 00:57:57 INFO  jpa:102 - HHH008540: Processing PersistenceUnitInfo [name: default]
2026-01-12 00:57:57 INFO  core:41 - HHH000001: Hibernate ORM core version 7.2.0.Final
2026-01-12 00:57:58 INFO  SpringPersistenceUnitInfo:128 - No LoadTimeWeaver setup: ignoring JPA class transformer
2026-01-12 00:57:58 INFO  HikariDataSource:109 - HikariPool-1 - Starting...
2026-01-12 00:57:58 INFO  HikariPool:580 - HikariPool-1 - Added connection org.postgresql.jdbc.PgConnection@698ece2
2026-01-12 00:57:58 INFO  HikariDataSource:122 - HikariPool-1 - Start completed.
2026-01-12 00:57:58 WARN  deprecation:152 - HHH90000025: PostgreSQLDialect does not need to be specified explicitly using 'hibernate.dialect' (remove the property setting and it will be selected by default)
2026-01-12 00:57:58 INFO  pooling:179 - HHH10001005: Database info:
	Database JDBC URL [jdbc:postgresql://localhost:5432/emart]
	Database driver: PostgreSQL JDBC Driver
	Database dialect: PostgreSQLDialect
	Database version: 18.1
	Default catalog/schema: emart/public
	Autocommit mode: undefined/unknown
	Isolation level: READ_COMMITTED [default READ_COMMITTED]
	JDBC fetch size: none
	Pool: DataSourceConnectionProvider
	Minimum pool size: undefined/unknown
	Maximum pool size: undefined/unknown
2026-01-12 00:57:58 INFO  core:53 - HHH000489: No JTA platform available (set 'hibernate.transaction.jta.platform' to enable JTA platform integration)
2026-01-12 00:57:58 INFO  LocalContainerEntityManagerFactoryBean:444 - Initialized JPA EntityManagerFactory for persistence unit 'default'
2026-01-12 00:57:58 WARN  JpaBaseConfiguration$JpaWebConfiguration:247 - spring.jpa.open-in-view is enabled by default. Therefore, database queries may be performed during view rendering. Explicitly configure spring.jpa.open-in-view to disable this warning
2026-01-12 00:57:59 INFO  Http11NioProtocol:168 - Starting ProtocolHandler ["http-nio-8080"]
2026-01-12 00:57:59 INFO  TomcatWebServer:240 - Tomcat started on port 8080 (http) with context path '/emart'
2026-01-12 00:57:59 INFO  EmartApplication:60 - Started EmartApplication in 3.084 seconds (process running for 3.958)
2026-01-12 01:01:50 INFO  LocalDevToolsAutoConfiguration$RestartingClassPathChangeChangedEventListener:214 - Restarting due to 9 class path changes (0 additions, 8 deletions, 1 modification)
2026-01-12 01:01:50 INFO  GracefulShutdown:54 - Commencing graceful shutdown. Waiting for active requests to complete
2026-01-12 01:01:50 INFO  Http11NioProtocol:168 - Pausing ProtocolHandler ["http-nio-8080"]
2026-01-12 01:01:50 INFO  GracefulShutdown:76 - Graceful shutdown complete
2026-01-12 01:01:50 INFO  Http11NioProtocol:168 - Stopping ProtocolHandler ["http-nio-8080"]
2026-01-12 01:01:50 INFO  LocalContainerEntityManagerFactoryBean:667 - Closing JPA EntityManagerFactory for persistence unit 'default'
2026-01-12 01:01:50 INFO  HikariDataSource:349 - HikariPool-1 - Shutdown initiated...
2026-01-12 01:01:50 INFO  HikariDataSource:351 - HikariPool-1 - Shutdown completed.
2026-01-12 01:01:51 INFO  EmartApplication:54 - Starting EmartApplication using Java 21.0.8 with PID 16508 (D:\emart_project\emart\emart\target\classes started by amrit in D:\emart_project\emart\emart)
2026-01-12 01:01:51 INFO  EmartApplication:652 - No active profile set, falling back to 1 default profile: "default"
2026-01-12 01:01:51 INFO  RepositoryConfigurationDelegate:145 - Bootstrapping Spring Data JPA repositories in DEFAULT mode.
2026-01-12 01:01:51 INFO  RepositoryConfigurationDelegate:213 - Finished Spring Data repository scanning in 8 ms. Found 0 JPA repository interfaces.
2026-01-12 01:01:52 INFO  TomcatWebServer:114 - Tomcat initialized with port 8080 (http)
2026-01-12 01:01:52 INFO  Http11NioProtocol:168 - Initializing ProtocolHandler ["http-nio-8080"]
2026-01-12 01:01:52 INFO  StandardService:168 - Starting service [Tomcat]
2026-01-12 01:01:52 INFO  StandardEngine:168 - Starting Servlet engine: [Apache Tomcat/11.0.15]
2026-01-12 01:01:52 INFO  WebApplicationContextInitializer:77 - Root WebApplicationContext: initialization completed in 1361 ms
2026-01-12 01:01:52 INFO  jpa:102 - HHH008540: Processing PersistenceUnitInfo [name: default]
2026-01-12 01:01:52 INFO  SpringPersistenceUnitInfo:128 - No LoadTimeWeaver setup: ignoring JPA class transformer
2026-01-12 01:01:52 INFO  HikariDataSource:109 - HikariPool-2 - Starting...
2026-01-12 01:01:52 INFO  HikariPool:580 - HikariPool-2 - Added connection org.postgresql.jdbc.PgConnection@2c3f3b05
2026-01-12 01:01:52 INFO  HikariDataSource:122 - HikariPool-2 - Start completed.
2026-01-12 01:01:52 WARN  deprecation:152 - HHH90000025: PostgreSQLDialect does not need to be specified explicitly using 'hibernate.dialect' (remove the property setting and it will be selected by default)
2026-01-12 01:01:52 INFO  pooling:179 - HHH10001005: Database info:
	Database JDBC URL [jdbc:postgresql://localhost:5432/emart]
	Database driver: PostgreSQL JDBC Driver
	Database dialect: PostgreSQLDialect
	Database version: 18.1
	Default catalog/schema: emart/public
	Autocommit mode: undefined/unknown
	Isolation level: READ_COMMITTED [default READ_COMMITTED]
	JDBC fetch size: none
	Pool: DataSourceConnectionProvider
	Minimum pool size: undefined/unknown
	Maximum pool size: undefined/unknown
2026-01-12 01:01:52 INFO  core:53 - HHH000489: No JTA platform available (set 'hibernate.transaction.jta.platform' to enable JTA platform integration)
2026-01-12 01:01:52 INFO  LocalContainerEntityManagerFactoryBean:444 - Initialized JPA EntityManagerFactory for persistence unit 'default'
2026-01-12 01:01:52 WARN  JpaBaseConfiguration$JpaWebConfiguration:247 - spring.jpa.open-in-view is enabled by default. Therefore, database queries may be performed during view rendering. Explicitly configure spring.jpa.open-in-view to disable this warning
2026-01-12 01:01:53 INFO  Http11NioProtocol:168 - Starting ProtocolHandler ["http-nio-8080"]
2026-01-12 01:01:53 INFO  TomcatWebServer:240 - Tomcat started on port 8080 (http) with context path '/emart'
2026-01-12 01:01:53 INFO  EmartApplication:60 - Started EmartApplication in 2.338 seconds (process running for 238.063)
2026-01-12 01:01:53 INFO  ConditionEvaluationDeltaLoggingListener:66 - Condition evaluation unchanged
2026-01-12 01:01:54 INFO  LocalDevToolsAutoConfiguration$RestartingClassPathChangeChangedEventListener:214 - Restarting due to 6 class path changes (6 additions, 0 deletions, 0 modifications)
2026-01-12 01:01:54 INFO  GracefulShutdown:54 - Commencing graceful shutdown. Waiting for active requests to complete
2026-01-12 01:01:54 INFO  Http11NioProtocol:168 - Pausing ProtocolHandler ["http-nio-8080"]
2026-01-12 01:01:54 INFO  GracefulShutdown:76 - Graceful shutdown complete
2026-01-12 01:01:54 INFO  Http11NioProtocol:168 - Stopping ProtocolHandler ["http-nio-8080"]
2026-01-12 01:01:54 INFO  LocalContainerEntityManagerFactoryBean:667 - Closing JPA EntityManagerFactory for persistence unit 'default'
2026-01-12 01:01:54 INFO  HikariDataSource:349 - HikariPool-2 - Shutdown initiated...
2026-01-12 01:01:54 INFO  HikariDataSource:351 - HikariPool-2 - Shutdown completed.
2026-01-12 01:01:55 INFO  EmartApplication:54 - Starting EmartApplication using Java 21.0.8 with PID 16508 (D:\emart_project\emart\emart\target\classes started by amrit in D:\emart_project\emart\emart)
2026-01-12 01:01:55 INFO  EmartApplication:652 - No active profile set, falling back to 1 default profile: "default"
2026-01-12 01:01:55 INFO  RepositoryConfigurationDelegate:145 - Bootstrapping Spring Data JPA repositories in DEFAULT mode.
2026-01-12 01:01:55 INFO  RepositoryConfigurationDelegate:213 - Finished Spring Data repository scanning in 2 ms. Found 0 JPA repository interfaces.
2026-01-12 01:01:55 INFO  TomcatWebServer:114 - Tomcat initialized with port 8080 (http)
2026-01-12 01:01:55 INFO  Http11NioProtocol:168 - Initializing ProtocolHandler ["http-nio-8080"]
2026-01-12 01:01:55 INFO  StandardService:168 - Starting service [Tomcat]
2026-01-12 01:01:55 INFO  StandardEngine:168 - Starting Servlet engine: [Apache Tomcat/11.0.15]
2026-01-12 01:01:55 INFO  WebApplicationContextInitializer:77 - Root WebApplicationContext: initialization completed in 798 ms
2026-01-12 01:01:56 INFO  jpa:102 - HHH008540: Processing PersistenceUnitInfo [name: default]
2026-01-12 01:01:56 INFO  SpringPersistenceUnitInfo:128 - No LoadTimeWeaver setup: ignoring JPA class transformer
2026-01-12 01:01:56 INFO  HikariDataSource:109 - HikariPool-3 - Starting...
2026-01-12 01:01:56 INFO  HikariPool:580 - HikariPool-3 - Added connection org.postgresql.jdbc.PgConnection@70fd0b89
2026-01-12 01:01:56 INFO  HikariDataSource:122 - HikariPool-3 - Start completed.
2026-01-12 01:01:56 WARN  deprecation:152 - HHH90000025: PostgreSQLDialect does not need to be specified explicitly using 'hibernate.dialect' (remove the property setting and it will be selected by default)
2026-01-12 01:01:56 INFO  pooling:179 - HHH10001005: Database info:
	Database JDBC URL [jdbc:postgresql://localhost:5432/emart]
	Database driver: PostgreSQL JDBC Driver
	Database dialect: PostgreSQLDialect
	Database version: 18.1
	Default catalog/schema: emart/public
	Autocommit mode: undefined/unknown
	Isolation level: READ_COMMITTED [default READ_COMMITTED]
	JDBC fetch size: none
	Pool: DataSourceConnectionProvider
	Minimum pool size: undefined/unknown
	Maximum pool size: undefined/unknown
2026-01-12 01:01:57 INFO  core:53 - HHH000489: No JTA platform available (set 'hibernate.transaction.jta.platform' to enable JTA platform integration)
2026-01-12 01:01:57 INFO  LocalContainerEntityManagerFactoryBean:444 - Initialized JPA EntityManagerFactory for persistence unit 'default'
2026-01-12 01:01:57 WARN  JpaBaseConfiguration$JpaWebConfiguration:247 - spring.jpa.open-in-view is enabled by default. Therefore, database queries may be performed during view rendering. Explicitly configure spring.jpa.open-in-view to disable this warning
2026-01-12 01:01:58 INFO  Http11NioProtocol:168 - Starting ProtocolHandler ["http-nio-8080"]
2026-01-12 01:01:58 INFO  TomcatWebServer:240 - Tomcat started on port 8080 (http) with context path '/emart'
2026-01-12 01:01:58 INFO  EmartApplication:60 - Started EmartApplication in 3.046 seconds (process running for 242.663)
2026-01-12 01:01:58 INFO  ConditionEvaluationDeltaLoggingListener:66 - Condition evaluation unchanged
2026-01-12 01:02:18 INFO  SpringApplicationAdminMXBeanRegistrar$SpringApplicationAdmin:150 - Application shutdown requested.
2026-01-12 01:02:18 INFO  GracefulShutdown:54 - Commencing graceful shutdown. Waiting for active requests to complete
2026-01-12 01:02:18 INFO  Http11NioProtocol:168 - Pausing ProtocolHandler ["http-nio-8080"]
2026-01-12 01:02:18 INFO  GracefulShutdown:76 - Graceful shutdown complete
2026-01-12 01:02:18 INFO  Http11NioProtocol:168 - Stopping ProtocolHandler ["http-nio-8080"]
2026-01-12 01:02:18 INFO  LocalContainerEntityManagerFactoryBean:667 - Closing JPA EntityManagerFactory for persistence unit 'default'
2026-01-12 01:02:18 INFO  HikariDataSource:349 - HikariPool-3 - Shutdown initiated...
2026-01-12 01:02:18 INFO  HikariDataSource:351 - HikariPool-3 - Shutdown completed.
2026-01-12 01:04:28 INFO  EmartApplication:54 - Starting EmartApplication using Java 21.0.8 with PID 980 (D:\emart_project\emart\emart\target\classes started by amrit in D:\emart_project\emart\emart)
2026-01-12 01:04:28 INFO  EmartApplication:652 - No active profile set, falling back to 1 default profile: "default"
2026-01-12 01:04:28 INFO  DevToolsPropertyDefaultsPostProcessor:69 - Devtools property defaults active! Set 'spring.devtools.add-properties' to 'false' to disable
2026-01-12 01:04:28 INFO  DevToolsPropertyDefaultsPostProcessor:69 - For additional web related logging consider setting the 'logging.level.web' property to 'DEBUG'
2026-01-12 01:04:28 INFO  RepositoryConfigurationDelegate:145 - Bootstrapping Spring Data JPA repositories in DEFAULT mode.
2026-01-12 01:04:28 INFO  RepositoryConfigurationDelegate:213 - Finished Spring Data repository scanning in 9 ms. Found 0 JPA repository interfaces.
2026-01-12 01:04:28 INFO  TomcatWebServer:114 - Tomcat initialized with port 8080 (http)
2026-01-12 01:04:28 INFO  Http11NioProtocol:168 - Initializing ProtocolHandler ["http-nio-8080"]
2026-01-12 01:04:28 INFO  StandardService:168 - Starting service [Tomcat]
2026-01-12 01:04:28 INFO  StandardEngine:168 - Starting Servlet engine: [Apache Tomcat/11.0.15]
2026-01-12 01:04:28 INFO  WebApplicationContextInitializer:77 - Root WebApplicationContext: initialization completed in 934 ms
2026-01-12 01:04:29 INFO  jpa:102 - HHH008540: Processing PersistenceUnitInfo [name: default]
2026-01-12 01:04:29 INFO  core:41 - HHH000001: Hibernate ORM core version 7.2.0.Final
2026-01-12 01:04:29 INFO  SpringPersistenceUnitInfo:128 - No LoadTimeWeaver setup: ignoring JPA class transformer
2026-01-12 01:04:29 INFO  HikariDataSource:109 - HikariPool-1 - Starting...
2026-01-12 01:04:29 INFO  HikariPool:580 - HikariPool-1 - Added connection org.postgresql.jdbc.PgConnection@b46ec19
2026-01-12 01:04:29 INFO  HikariDataSource:122 - HikariPool-1 - Start completed.
2026-01-12 01:04:29 WARN  deprecation:152 - HHH90000025: PostgreSQLDialect does not need to be specified explicitly using 'hibernate.dialect' (remove the property setting and it will be selected by default)
2026-01-12 01:04:29 INFO  pooling:179 - HHH10001005: Database info:
	Database JDBC URL [jdbc:postgresql://localhost:5432/emart]
	Database driver: PostgreSQL JDBC Driver
	Database dialect: PostgreSQLDialect
	Database version: 18.1
	Default catalog/schema: emart/public
	Autocommit mode: undefined/unknown
	Isolation level: READ_COMMITTED [default READ_COMMITTED]
	JDBC fetch size: none
	Pool: DataSourceConnectionProvider
	Minimum pool size: undefined/unknown
	Maximum pool size: undefined/unknown
2026-01-12 01:04:30 INFO  core:53 - HHH000489: No JTA platform available (set 'hibernate.transaction.jta.platform' to enable JTA platform integration)
2026-01-12 01:04:30 INFO  LocalContainerEntityManagerFactoryBean:444 - Initialized JPA EntityManagerFactory for persistence unit 'default'
2026-01-12 01:04:30 WARN  JpaBaseConfiguration$JpaWebConfiguration:247 - spring.jpa.open-in-view is enabled by default. Therefore, database queries may be performed during view rendering. Explicitly configure spring.jpa.open-in-view to disable this warning
2026-01-12 01:04:30 INFO  Http11NioProtocol:168 - Starting ProtocolHandler ["http-nio-8080"]
2026-01-12 01:04:30 INFO  TomcatWebServer:240 - Tomcat started on port 8080 (http) with context path '/emart'
2026-01-12 01:04:30 INFO  EmartApplication:60 - Started EmartApplication in 3.185 seconds (process running for 4.041)
2026-01-12 01:08:00 INFO  LocalDevToolsAutoConfiguration$RestartingClassPathChangeChangedEventListener:214 - Restarting due to 1 class path change (0 additions, 0 deletions, 1 modification)
2026-01-12 01:08:00 INFO  GracefulShutdown:54 - Commencing graceful shutdown. Waiting for active requests to complete
2026-01-12 01:08:00 INFO  Http11NioProtocol:168 - Pausing ProtocolHandler ["http-nio-8080"]
2026-01-12 01:08:00 INFO  GracefulShutdown:76 - Graceful shutdown complete
2026-01-12 01:08:00 INFO  Http11NioProtocol:168 - Stopping ProtocolHandler ["http-nio-8080"]
2026-01-12 01:08:00 INFO  LocalContainerEntityManagerFactoryBean:667 - Closing JPA EntityManagerFactory for persistence unit 'default'
2026-01-12 01:08:00 INFO  HikariDataSource:349 - HikariPool-1 - Shutdown initiated...
2026-01-12 01:08:00 INFO  HikariDataSource:351 - HikariPool-1 - Shutdown completed.
2026-01-12 01:08:00 INFO  EmartApplication:54 - Starting EmartApplication using Java 21.0.8 with PID 980 (D:\emart_project\emart\emart\target\classes started by amrit in D:\emart_project\emart\emart)
2026-01-12 01:08:00 INFO  EmartApplication:652 - No active profile set, falling back to 1 default profile: "default"
2026-01-12 01:08:01 INFO  RepositoryConfigurationDelegate:145 - Bootstrapping Spring Data JPA repositories in DEFAULT mode.
2026-01-12 01:08:01 INFO  RepositoryConfigurationDelegate:213 - Finished Spring Data repository scanning in 2 ms. Found 0 JPA repository interfaces.
2026-01-12 01:08:01 INFO  TomcatWebServer:114 - Tomcat initialized with port 8080 (http)
2026-01-12 01:08:01 INFO  Http11NioProtocol:168 - Initializing ProtocolHandler ["http-nio-8080"]
2026-01-12 01:08:01 INFO  StandardService:168 - Starting service [Tomcat]
2026-01-12 01:08:01 INFO  StandardEngine:168 - Starting Servlet engine: [Apache Tomcat/11.0.15]
2026-01-12 01:08:01 INFO  WebApplicationContextInitializer:77 - Root WebApplicationContext: initialization completed in 324 ms
2026-01-12 01:08:01 INFO  jpa:102 - HHH008540: Processing PersistenceUnitInfo [name: default]
2026-01-12 01:08:01 INFO  SpringPersistenceUnitInfo:128 - No LoadTimeWeaver setup: ignoring JPA class transformer
2026-01-12 01:08:01 INFO  HikariDataSource:109 - HikariPool-2 - Starting...
2026-01-12 01:08:01 INFO  HikariPool:580 - HikariPool-2 - Added connection org.postgresql.jdbc.PgConnection@700ad951
2026-01-12 01:08:01 INFO  HikariDataSource:122 - HikariPool-2 - Start completed.
2026-01-12 01:08:01 WARN  deprecation:152 - HHH90000025: PostgreSQLDialect does not need to be specified explicitly using 'hibernate.dialect' (remove the property setting and it will be selected by default)
2026-01-12 01:08:01 INFO  pooling:179 - HHH10001005: Database info:
	Database JDBC URL [jdbc:postgresql://localhost:5432/emart]
	Database driver: PostgreSQL JDBC Driver
	Database dialect: PostgreSQLDialect
	Database version: 18.1
	Default catalog/schema: emart/public
	Autocommit mode: undefined/unknown
	Isolation level: READ_COMMITTED [default READ_COMMITTED]
	JDBC fetch size: none
	Pool: DataSourceConnectionProvider
	Minimum pool size: undefined/unknown
	Maximum pool size: undefined/unknown
2026-01-12 01:08:01 INFO  core:53 - HHH000489: No JTA platform available (set 'hibernate.transaction.jta.platform' to enable JTA platform integration)
2026-01-12 01:08:01 INFO  LocalContainerEntityManagerFactoryBean:444 - Initialized JPA EntityManagerFactory for persistence unit 'default'
2026-01-12 01:08:01 WARN  AnnotationConfigServletWebServerApplicationContext:628 - Exception encountered during context initialization - cancelling refresh attempt: org.springframework.beans.factory.BeanCreationException: Error creating bean with name 'productController' defined in file [D:\emart_project\emart\emart\target\classes\com\example\emart\controllers\ProductController.class]: Failed to instantiate [com.example.emart.controllers.ProductController]: Constructor threw exception
2026-01-12 01:08:01 INFO  LocalContainerEntityManagerFactoryBean:667 - Closing JPA EntityManagerFactory for persistence unit 'default'
2026-01-12 01:08:01 INFO  HikariDataSource:349 - HikariPool-2 - Shutdown initiated...
2026-01-12 01:08:01 INFO  HikariDataSource:351 - HikariPool-2 - Shutdown completed.
2026-01-12 01:08:01 INFO  StandardService:168 - Stopping service [Tomcat]
2026-01-12 01:08:01 INFO  ConditionEvaluationReportLogger:82 - 

Error starting ApplicationContext. To display the condition evaluation report re-run your application with 'debug' enabled.
2026-01-12 01:08:01 ERROR SpringApplication:863 - Application run failed
org.springframework.beans.factory.BeanCreationException: Error creating bean with name 'productController' defined in file [D:\emart_project\emart\emart\target\classes\com\example\emart\controllers\ProductController.class]: Failed to instantiate [com.example.emart.controllers.ProductController]: Constructor threw exception
	at org.springframework.beans.factory.support.ConstructorResolver.instantiate(ConstructorResolver.java:321)
	at org.springframework.beans.factory.support.ConstructorResolver.autowireConstructor(ConstructorResolver.java:309)
	at org.springframework.beans.factory.support.AbstractAutowireCapableBeanFactory.autowireConstructor(AbstractAutowireCapableBeanFactory.java:1382)
	at org.springframework.beans.factory.support.AbstractAutowireCapableBeanFactory.createBeanInstance(AbstractAutowireCapableBeanFactory.java:1221)
	at org.springframework.beans.factory.support.AbstractAutowireCapableBeanFactory.doCreateBean(AbstractAutowireCapableBeanFactory.java:565)
	at org.springframework.beans.factory.support.AbstractAutowireCapableBeanFactory.createBean(AbstractAutowireCapableBeanFactory.java:525)
	at org.springframework.beans.factory.support.AbstractBeanFactory.lambda$doGetBean$0(AbstractBeanFactory.java:333)
	at org.springframework.beans.factory.support.DefaultSingletonBeanRegistry.getSingleton(DefaultSingletonBeanRegistry.java:371)
	at org.springframework.beans.factory.support.AbstractBeanFactory.doGetBean(AbstractBeanFactory.java:331)
	at org.springframework.beans.factory.support.AbstractBeanFactory.getBean(AbstractBeanFactory.java:196)
	at org.springframework.beans.factory.support.DefaultListableBeanFactory.instantiateSingleton(DefaultListableBeanFactory.java:1218)
	at org.springframework.beans.factory.support.DefaultListableBeanFactory.preInstantiateSingleton(DefaultListableBeanFactory.java:1184)
	at org.springframework.beans.factory.support.DefaultListableBeanFactory.preInstantiateSingletons(DefaultListableBeanFactory.java:1121)
	at org.springframework.context.support.AbstractApplicationContext.finishBeanFactoryInitialization(AbstractApplicationContext.java:993)
	at org.springframework.context.support.AbstractApplicationContext.refresh(AbstractApplicationContext.java:620)
	at org.springframework.boot.web.server.servlet.context.ServletWebServerApplicationContext.refresh(ServletWebServerApplicationContext.java:143)
	at org.springframework.boot.SpringApplication.refresh(SpringApplication.java:756)
	at org.springframework.boot.SpringApplication.refreshContext(SpringApplication.java:445)
	at org.springframework.boot.SpringApplication.run(SpringApplication.java:321)
	at org.springframework.boot.SpringApplication.run(SpringApplication.java:1365)
	at org.springframework.boot.SpringApplication.run(SpringApplication.java:1354)
	at com.example.emart.EmartApplication.main(EmartApplication.java:10)
	at java.base/jdk.internal.reflect.DirectMethodHandleAccessor.invoke(DirectMethodHandleAccessor.java:103)
	at java.base/java.lang.reflect.Method.invoke(Method.java:580)
	at org.springframework.boot.devtools.restart.RestartLauncher.run(RestartLauncher.java:52)
Caused by: org.springframework.beans.BeanInstantiationException: Failed to instantiate [com.example.emart.controllers.ProductController]: Constructor threw exception
	at org.springframework.beans.BeanUtils.instantiateClass(BeanUtils.java:224)
	at org.springframework.beans.factory.support.SimpleInstantiationStrategy.instantiate(SimpleInstantiationStrategy.java:129)
	at org.springframework.beans.factory.support.ConstructorResolver.instantiate(ConstructorResolver.java:318)
	... 24 more
Caused by: java.lang.Error: Unresolved compilation problems: 
	Syntax error, insert "Identifier (" to complete ConstructorHeaderName
	Syntax error, insert ")" to complete ConstructorDeclaration
	Syntax error, insert ";" to complete ConstructorDeclaration

	at com.example.emart.controllers.ProductController.<init>(ProductController.java:18)
	at java.base/jdk.internal.reflect.DirectConstructorHandleAccessor.newInstance(DirectConstructorHandleAccessor.java:62)
	at java.base/java.lang.reflect.Constructor.newInstanceWithCaller(Constructor.java:502)
	at java.base/java.lang.reflect.Constructor.newInstance(Constructor.java:486)
	at org.springframework.beans.BeanUtils.instantiateClass(BeanUtils.java:211)
	... 26 more
2026-01-12 01:26:13 INFO  EmartApplication:54 - Starting EmartApplication using Java 21.0.8 with PID 16244 (D:\emart_project\emart\emart\target\classes started by amrit in D:\emart_project\emart\emart)
2026-01-12 01:26:13 INFO  EmartApplication:652 - No active profile set, falling back to 1 default profile: "default"
2026-01-12 01:26:13 INFO  DevToolsPropertyDefaultsPostProcessor:69 - Devtools property defaults active! Set 'spring.devtools.add-properties' to 'false' to disable
2026-01-12 01:26:13 INFO  DevToolsPropertyDefaultsPostProcessor:69 - For additional web related logging consider setting the 'logging.level.web' property to 'DEBUG'
2026-01-12 01:26:14 INFO  RepositoryConfigurationDelegate:145 - Bootstrapping Spring Data JPA repositories in DEFAULT mode.
2026-01-12 01:26:14 INFO  RepositoryConfigurationDelegate:213 - Finished Spring Data repository scanning in 36 ms. Found 1 JPA repository interface.
2026-01-12 01:26:14 INFO  TomcatWebServer:114 - Tomcat initialized with port 8080 (http)
2026-01-12 01:26:14 INFO  Http11NioProtocol:168 - Initializing ProtocolHandler ["http-nio-8080"]
2026-01-12 01:26:14 INFO  StandardService:168 - Starting service [Tomcat]
2026-01-12 01:26:14 INFO  StandardEngine:168 - Starting Servlet engine: [Apache Tomcat/11.0.15]
2026-01-12 01:26:14 INFO  WebApplicationContextInitializer:77 - Root WebApplicationContext: initialization completed in 1049 ms
2026-01-12 01:26:14 INFO  jpa:102 - HHH008540: Processing PersistenceUnitInfo [name: default]
2026-01-12 01:26:14 INFO  core:41 - HHH000001: Hibernate ORM core version 7.2.0.Final
2026-01-12 01:26:15 INFO  SpringPersistenceUnitInfo:128 - No LoadTimeWeaver setup: ignoring JPA class transformer
2026-01-12 01:26:15 INFO  HikariDataSource:109 - HikariPool-1 - Starting...
2026-01-12 01:26:15 INFO  HikariPool:580 - HikariPool-1 - Added connection org.postgresql.jdbc.PgConnection@59caf1e3
2026-01-12 01:26:15 INFO  HikariDataSource:122 - HikariPool-1 - Start completed.
2026-01-12 01:26:15 WARN  deprecation:152 - HHH90000025: PostgreSQLDialect does not need to be specified explicitly using 'hibernate.dialect' (remove the property setting and it will be selected by default)
2026-01-12 01:26:15 INFO  pooling:179 - HHH10001005: Database info:
	Database JDBC URL [jdbc:postgresql://localhost:5432/emart]
	Database driver: PostgreSQL JDBC Driver
	Database dialect: PostgreSQLDialect
	Database version: 18.1
	Default catalog/schema: emart/public
	Autocommit mode: undefined/unknown
	Isolation level: READ_COMMITTED [default READ_COMMITTED]
	JDBC fetch size: none
	Pool: DataSourceConnectionProvider
	Minimum pool size: undefined/unknown
	Maximum pool size: undefined/unknown
2026-01-12 01:26:16 INFO  core:53 - HHH000489: No JTA platform available (set 'hibernate.transaction.jta.platform' to enable JTA platform integration)
2026-01-12 01:26:16 INFO  LocalContainerEntityManagerFactoryBean:444 - Initialized JPA EntityManagerFactory for persistence unit 'default'
2026-01-12 01:26:16 INFO  QueryEnhancerFactories:48 - Hibernate is in classpath; If applicable, HQL parser will be used.
2026-01-12 01:26:16 WARN  JpaBaseConfiguration$JpaWebConfiguration:247 - spring.jpa.open-in-view is enabled by default. Therefore, database queries may be performed during view rendering. Explicitly configure spring.jpa.open-in-view to disable this warning
2026-01-12 01:26:16 INFO  Http11NioProtocol:168 - Starting ProtocolHandler ["http-nio-8080"]
2026-01-12 01:26:16 INFO  TomcatWebServer:240 - Tomcat started on port 8080 (http) with context path '/emart'
2026-01-12 01:26:16 INFO  EmartApplication:60 - Started EmartApplication in 3.424 seconds (process running for 4.436)
2026-01-12 01:28:16 INFO  LocalDevToolsAutoConfiguration$RestartingClassPathChangeChangedEventListener:214 - Restarting due to 5 class path changes (2 additions, 0 deletions, 3 modifications)
2026-01-12 01:28:16 INFO  GracefulShutdown:54 - Commencing graceful shutdown. Waiting for active requests to complete
2026-01-12 01:28:16 INFO  Http11NioProtocol:168 - Pausing ProtocolHandler ["http-nio-8080"]
2026-01-12 01:28:16 INFO  GracefulShutdown:76 - Graceful shutdown complete
2026-01-12 01:28:16 INFO  Http11NioProtocol:168 - Stopping ProtocolHandler ["http-nio-8080"]
2026-01-12 01:28:16 INFO  LocalContainerEntityManagerFactoryBean:667 - Closing JPA EntityManagerFactory for persistence unit 'default'
2026-01-12 01:28:16 INFO  HikariDataSource:349 - HikariPool-1 - Shutdown initiated...
2026-01-12 01:28:16 INFO  HikariDataSource:351 - HikariPool-1 - Shutdown completed.
2026-01-12 01:28:17 INFO  EmartApplication:54 - Starting EmartApplication using Java 21.0.8 with PID 16244 (D:\emart_project\emart\emart\target\classes started by amrit in D:\emart_project\emart\emart)
2026-01-12 01:28:17 INFO  EmartApplication:652 - No active profile set, falling back to 1 default profile: "default"
2026-01-12 01:28:17 INFO  RepositoryConfigurationDelegate:145 - Bootstrapping Spring Data JPA repositories in DEFAULT mode.
2026-01-12 01:28:17 INFO  RepositoryConfigurationDelegate:213 - Finished Spring Data repository scanning in 6 ms. Found 1 JPA repository interface.
2026-01-12 01:28:17 INFO  TomcatWebServer:114 - Tomcat initialized with port 8080 (http)
2026-01-12 01:28:17 INFO  Http11NioProtocol:168 - Initializing ProtocolHandler ["http-nio-8080"]
2026-01-12 01:28:17 INFO  StandardService:168 - Starting service [Tomcat]
2026-01-12 01:28:17 INFO  StandardEngine:168 - Starting Servlet engine: [Apache Tomcat/11.0.15]
2026-01-12 01:28:17 INFO  WebApplicationContextInitializer:77 - Root WebApplicationContext: initialization completed in 267 ms
2026-01-12 01:28:17 INFO  jpa:102 - HHH008540: Processing PersistenceUnitInfo [name: default]
2026-01-12 01:28:17 INFO  SpringPersistenceUnitInfo:128 - No LoadTimeWeaver setup: ignoring JPA class transformer
2026-01-12 01:28:17 INFO  HikariDataSource:109 - HikariPool-2 - Starting...
2026-01-12 01:28:17 INFO  HikariPool:580 - HikariPool-2 - Added connection org.postgresql.jdbc.PgConnection@763fdfc9
2026-01-12 01:28:17 INFO  HikariDataSource:122 - HikariPool-2 - Start completed.
2026-01-12 01:28:17 WARN  deprecation:152 - HHH90000025: PostgreSQLDialect does not need to be specified explicitly using 'hibernate.dialect' (remove the property setting and it will be selected by default)
2026-01-12 01:28:17 INFO  pooling:179 - HHH10001005: Database info:
	Database JDBC URL [jdbc:postgresql://localhost:5432/emart]
	Database driver: PostgreSQL JDBC Driver
	Database dialect: PostgreSQLDialect
	Database version: 18.1
	Default catalog/schema: emart/public
	Autocommit mode: undefined/unknown
	Isolation level: READ_COMMITTED [default READ_COMMITTED]
	JDBC fetch size: none
	Pool: DataSourceConnectionProvider
	Minimum pool size: undefined/unknown
	Maximum pool size: undefined/unknown
2026-01-12 01:28:17 INFO  core:53 - HHH000489: No JTA platform available (set 'hibernate.transaction.jta.platform' to enable JTA platform integration)
2026-01-12 01:28:17 INFO  LocalContainerEntityManagerFactoryBean:444 - Initialized JPA EntityManagerFactory for persistence unit 'default'
2026-01-12 01:28:17 WARN  AnnotationConfigServletWebServerApplicationContext:628 - Exception encountered during context initialization - cancelling refresh attempt: org.springframework.beans.factory.BeanCreationException: Error creating bean with name 'productController': Lookup method resolution failed
2026-01-12 01:28:17 INFO  LocalContainerEntityManagerFactoryBean:667 - Closing JPA EntityManagerFactory for persistence unit 'default'
2026-01-12 01:28:17 INFO  HikariDataSource:349 - HikariPool-2 - Shutdown initiated...
2026-01-12 01:28:17 INFO  HikariDataSource:351 - HikariPool-2 - Shutdown completed.
2026-01-12 01:28:17 INFO  StandardService:168 - Stopping service [Tomcat]
2026-01-12 01:28:17 INFO  ConditionEvaluationReportLogger:82 - 

Error starting ApplicationContext. To display the condition evaluation report re-run your application with 'debug' enabled.
2026-01-12 01:28:17 ERROR SpringApplication:863 - Application run failed
org.springframework.beans.factory.BeanCreationException: Error creating bean with name 'productController': Lookup method resolution failed
	at org.springframework.beans.factory.annotation.AutowiredAnnotationBeanPostProcessor.checkLookupMethods(AutowiredAnnotationBeanPostProcessor.java:481)
	at org.springframework.beans.factory.annotation.AutowiredAnnotationBeanPostProcessor.determineCandidateConstructors(AutowiredAnnotationBeanPostProcessor.java:351)
	at org.springframework.beans.factory.support.AbstractAutowireCapableBeanFactory.determineConstructorsFromBeanPostProcessors(AbstractAutowireCapableBeanFactory.java:1321)
	at org.springframework.beans.factory.support.AbstractAutowireCapableBeanFactory.createBeanInstance(AbstractAutowireCapableBeanFactory.java:1218)
	at org.springframework.beans.factory.support.AbstractAutowireCapableBeanFactory.doCreateBean(AbstractAutowireCapableBeanFactory.java:565)
	at org.springframework.beans.factory.support.AbstractAutowireCapableBeanFactory.createBean(AbstractAutowireCapableBeanFactory.java:525)
	at org.springframework.beans.factory.support.AbstractBeanFactory.lambda$doGetBean$0(AbstractBeanFactory.java:333)
	at org.springframework.beans.factory.support.DefaultSingletonBeanRegistry.getSingleton(DefaultSingletonBeanRegistry.java:371)
	at org.springframework.beans.factory.support.AbstractBeanFactory.doGetBean(AbstractBeanFactory.java:331)
	at org.springframework.beans.factory.support.AbstractBeanFactory.getBean(AbstractBeanFactory.java:196)
	at org.springframework.beans.factory.support.DefaultListableBeanFactory.instantiateSingleton(DefaultListableBeanFactory.java:1218)
	at org.springframework.beans.factory.support.DefaultListableBeanFactory.preInstantiateSingleton(DefaultListableBeanFactory.java:1184)
	at org.springframework.beans.factory.support.DefaultListableBeanFactory.preInstantiateSingletons(DefaultListableBeanFactory.java:1121)
	at org.springframework.context.support.AbstractApplicationContext.finishBeanFactoryInitialization(AbstractApplicationContext.java:993)
	at org.springframework.context.support.AbstractApplicationContext.refresh(AbstractApplicationContext.java:620)
	at org.springframework.boot.web.server.servlet.context.ServletWebServerApplicationContext.refresh(ServletWebServerApplicationContext.java:143)
	at org.springframework.boot.SpringApplication.refresh(SpringApplication.java:756)
	at org.springframework.boot.SpringApplication.refreshContext(SpringApplication.java:445)
	at org.springframework.boot.SpringApplication.run(SpringApplication.java:321)
	at org.springframework.boot.SpringApplication.run(SpringApplication.java:1365)
	at org.springframework.boot.SpringApplication.run(SpringApplication.java:1354)
	at com.example.emart.EmartApplication.main(EmartApplication.java:10)
	at java.base/jdk.internal.reflect.DirectMethodHandleAccessor.invoke(DirectMethodHandleAccessor.java:103)
	at java.base/java.lang.reflect.Method.invoke(Method.java:580)
	at org.springframework.boot.devtools.restart.RestartLauncher.run(RestartLauncher.java:52)
Caused by: java.lang.IllegalStateException: Failed to introspect Class [com.example.emart.controllers.ProductController] from ClassLoader [org.springframework.boot.devtools.restart.classloader.RestartClassLoader@1f38697]
	at org.springframework.util.ReflectionUtils.getDeclaredMethods(ReflectionUtils.java:483)
	at org.springframework.util.ReflectionUtils.doWithLocalMethods(ReflectionUtils.java:320)
	at org.springframework.beans.factory.annotation.AutowiredAnnotationBeanPostProcessor.checkLookupMethods(AutowiredAnnotationBeanPostProcessor.java:459)
	... 24 more
Caused by: java.lang.NoClassDefFoundError: ProductDtoRequest
	at java.base/java.lang.Class.getDeclaredMethods0(Native Method)
	at java.base/java.lang.Class.privateGetDeclaredMethods(Class.java:3578)
	at java.base/java.lang.Class.getDeclaredMethods(Class.java:2676)
	at org.springframework.util.ReflectionUtils.getDeclaredMethods(ReflectionUtils.java:465)
	... 26 more
Caused by: java.lang.ClassNotFoundException: ProductDtoRequest
	at java.base/jdk.internal.loader.BuiltinClassLoader.loadClass(BuiltinClassLoader.java:641)
	at java.base/jdk.internal.loader.ClassLoaders$AppClassLoader.loadClass(ClassLoaders.java:188)
	at java.base/java.lang.ClassLoader.loadClass(ClassLoader.java:526)
	at java.base/java.lang.Class.forName0(Native Method)
	at java.base/java.lang.Class.forName(Class.java:534)
	at java.base/java.lang.Class.forName(Class.java:513)
	at org.springframework.boot.devtools.restart.classloader.RestartClassLoader.loadClass(RestartClassLoader.java:123)
	at java.base/java.lang.ClassLoader.loadClass(ClassLoader.java:526)
	... 30 more
2026-01-12 01:28:22 INFO  EmartApplication:54 - Starting EmartApplication using Java 21.0.8 with PID 16244 (D:\emart_project\emart\emart\target\classes started by amrit in D:\emart_project\emart\emart)
2026-01-12 01:28:22 INFO  EmartApplication:652 - No active profile set, falling back to 1 default profile: "default"
2026-01-12 01:28:22 INFO  RepositoryConfigurationDelegate:145 - Bootstrapping Spring Data JPA repositories in DEFAULT mode.
2026-01-12 01:28:22 INFO  RepositoryConfigurationDelegate:213 - Finished Spring Data repository scanning in 6 ms. Found 1 JPA repository interface.
2026-01-12 01:28:22 INFO  TomcatWebServer:114 - Tomcat initialized with port 8080 (http)
2026-01-12 01:28:22 INFO  Http11NioProtocol:168 - Initializing ProtocolHandler ["http-nio-8080"]
2026-01-12 01:28:22 INFO  StandardService:168 - Starting service [Tomcat]
2026-01-12 01:28:22 INFO  StandardEngine:168 - Starting Servlet engine: [Apache Tomcat/11.0.15]
2026-01-12 01:28:22 INFO  WebApplicationContextInitializer:77 - Root WebApplicationContext: initialization completed in 240 ms
2026-01-12 01:28:22 INFO  jpa:102 - HHH008540: Processing PersistenceUnitInfo [name: default]
2026-01-12 01:28:22 INFO  SpringPersistenceUnitInfo:128 - No LoadTimeWeaver setup: ignoring JPA class transformer
2026-01-12 01:28:22 INFO  HikariDataSource:109 - HikariPool-3 - Starting...
2026-01-12 01:28:22 INFO  HikariPool:580 - HikariPool-3 - Added connection org.postgresql.jdbc.PgConnection@218f2883
2026-01-12 01:28:22 INFO  HikariDataSource:122 - HikariPool-3 - Start completed.
2026-01-12 01:28:22 WARN  deprecation:152 - HHH90000025: PostgreSQLDialect does not need to be specified explicitly using 'hibernate.dialect' (remove the property setting and it will be selected by default)
2026-01-12 01:28:22 INFO  pooling:179 - HHH10001005: Database info:
	Database JDBC URL [jdbc:postgresql://localhost:5432/emart]
	Database driver: PostgreSQL JDBC Driver
	Database dialect: PostgreSQLDialect
	Database version: 18.1
	Default catalog/schema: emart/public
	Autocommit mode: undefined/unknown
	Isolation level: READ_COMMITTED [default READ_COMMITTED]
	JDBC fetch size: none
	Pool: DataSourceConnectionProvider
	Minimum pool size: undefined/unknown
	Maximum pool size: undefined/unknown
2026-01-12 01:28:22 INFO  core:53 - HHH000489: No JTA platform available (set 'hibernate.transaction.jta.platform' to enable JTA platform integration)
2026-01-12 01:28:22 INFO  LocalContainerEntityManagerFactoryBean:444 - Initialized JPA EntityManagerFactory for persistence unit 'default'
2026-01-12 01:28:22 WARN  AnnotationConfigServletWebServerApplicationContext:628 - Exception encountered during context initialization - cancelling refresh attempt: org.springframework.beans.factory.UnsatisfiedDependencyException: Error creating bean with name 'productController' defined in file [D:\emart_project\emart\emart\target\classes\com\example\emart\controllers\ProductController.class]: Unsatisfied dependency expressed through constructor parameter 0: Error creating bean with name 'productServiceImpl': Lookup method resolution failed
2026-01-12 01:28:22 INFO  LocalContainerEntityManagerFactoryBean:667 - Closing JPA EntityManagerFactory for persistence unit 'default'
2026-01-12 01:28:22 INFO  HikariDataSource:349 - HikariPool-3 - Shutdown initiated...
2026-01-12 01:28:22 INFO  HikariDataSource:351 - HikariPool-3 - Shutdown completed.
2026-01-12 01:28:22 INFO  StandardService:168 - Stopping service [Tomcat]
2026-01-12 01:28:22 INFO  ConditionEvaluationReportLogger:82 - 

Error starting ApplicationContext. To display the condition evaluation report re-run your application with 'debug' enabled.
2026-01-12 01:28:22 ERROR SpringApplication:863 - Application run failed
org.springframework.beans.factory.UnsatisfiedDependencyException: Error creating bean with name 'productController' defined in file [D:\emart_project\emart\emart\target\classes\com\example\emart\controllers\ProductController.class]: Unsatisfied dependency expressed through constructor parameter 0: Error creating bean with name 'productServiceImpl': Lookup method resolution failed
	at org.springframework.beans.factory.support.ConstructorResolver.createArgumentArray(ConstructorResolver.java:804)
	at org.springframework.beans.factory.support.ConstructorResolver.autowireConstructor(ConstructorResolver.java:240)
	at org.springframework.beans.factory.support.AbstractAutowireCapableBeanFactory.autowireConstructor(AbstractAutowireCapableBeanFactory.java:1382)
	at org.springframework.beans.factory.support.AbstractAutowireCapableBeanFactory.createBeanInstance(AbstractAutowireCapableBeanFactory.java:1221)
	at org.springframework.beans.factory.support.AbstractAutowireCapableBeanFactory.doCreateBean(AbstractAutowireCapableBeanFactory.java:565)
	at org.springframework.beans.factory.support.AbstractAutowireCapableBeanFactory.createBean(AbstractAutowireCapableBeanFactory.java:525)
	at org.springframework.beans.factory.support.AbstractBeanFactory.lambda$doGetBean$0(AbstractBeanFactory.java:333)
	at org.springframework.beans.factory.support.DefaultSingletonBeanRegistry.getSingleton(DefaultSingletonBeanRegistry.java:371)
	at org.springframework.beans.factory.support.AbstractBeanFactory.doGetBean(AbstractBeanFactory.java:331)
	at org.springframework.beans.factory.support.AbstractBeanFactory.getBean(AbstractBeanFactory.java:196)
	at org.springframework.beans.factory.support.DefaultListableBeanFactory.instantiateSingleton(DefaultListableBeanFactory.java:1218)
	at org.springframework.beans.factory.support.DefaultListableBeanFactory.preInstantiateSingleton(DefaultListableBeanFactory.java:1184)
	at org.springframework.beans.factory.support.DefaultListableBeanFactory.preInstantiateSingletons(DefaultListableBeanFactory.java:1121)
	at org.springframework.context.support.AbstractApplicationContext.finishBeanFactoryInitialization(AbstractApplicationContext.java:993)
	at org.springframework.context.support.AbstractApplicationContext.refresh(AbstractApplicationContext.java:620)
	at org.springframework.boot.web.server.servlet.context.ServletWebServerApplicationContext.refresh(ServletWebServerApplicationContext.java:143)
	at org.springframework.boot.SpringApplication.refresh(SpringApplication.java:756)
	at org.springframework.boot.SpringApplication.refreshContext(SpringApplication.java:445)
	at org.springframework.boot.SpringApplication.run(SpringApplication.java:321)
	at org.springframework.boot.SpringApplication.run(SpringApplication.java:1365)
	at org.springframework.boot.SpringApplication.run(SpringApplication.java:1354)
	at com.example.emart.EmartApplication.main(EmartApplication.java:10)
	at java.base/jdk.internal.reflect.DirectMethodHandleAccessor.invoke(DirectMethodHandleAccessor.java:103)
	at java.base/java.lang.reflect.Method.invoke(Method.java:580)
	at org.springframework.boot.devtools.restart.RestartLauncher.run(RestartLauncher.java:52)
Caused by: org.springframework.beans.factory.BeanCreationException: Error creating bean with name 'productServiceImpl': Lookup method resolution failed
	at org.springframework.beans.factory.annotation.AutowiredAnnotationBeanPostProcessor.checkLookupMethods(AutowiredAnnotationBeanPostProcessor.java:481)
	at org.springframework.beans.factory.annotation.AutowiredAnnotationBeanPostProcessor.determineCandidateConstructors(AutowiredAnnotationBeanPostProcessor.java:351)
	at org.springframework.beans.factory.support.AbstractAutowireCapableBeanFactory.determineConstructorsFromBeanPostProcessors(AbstractAutowireCapableBeanFactory.java:1321)
	at org.springframework.beans.factory.support.AbstractAutowireCapableBeanFactory.createBeanInstance(AbstractAutowireCapableBeanFactory.java:1218)
	at org.springframework.beans.factory.support.AbstractAutowireCapableBeanFactory.doCreateBean(AbstractAutowireCapableBeanFactory.java:565)
	at org.springframework.beans.factory.support.AbstractAutowireCapableBeanFactory.createBean(AbstractAutowireCapableBeanFactory.java:525)
	at org.springframework.beans.factory.support.AbstractBeanFactory.lambda$doGetBean$0(AbstractBeanFactory.java:333)
	at org.springframework.beans.factory.support.DefaultSingletonBeanRegistry.getSingleton(DefaultSingletonBeanRegistry.java:371)
	at org.springframework.beans.factory.support.AbstractBeanFactory.doGetBean(AbstractBeanFactory.java:331)
	at org.springframework.beans.factory.support.AbstractBeanFactory.getBean(AbstractBeanFactory.java:201)
	at org.springframework.beans.factory.config.DependencyDescriptor.resolveCandidate(DependencyDescriptor.java:229)
	at org.springframework.beans.factory.support.DefaultListableBeanFactory.doResolveDependency(DefaultListableBeanFactory.java:1762)
	at org.springframework.beans.factory.support.DefaultListableBeanFactory.resolveDependency(DefaultListableBeanFactory.java:1651)
	at org.springframework.beans.factory.support.ConstructorResolver.resolveAutowiredArgument(ConstructorResolver.java:912)
	at org.springframework.beans.factory.support.ConstructorResolver.createArgumentArray(ConstructorResolver.java:791)
	... 24 more
Caused by: java.lang.IllegalStateException: Failed to introspect Class [com.example.emart.services.impl.ProductServiceImpl] from ClassLoader [org.springframework.boot.devtools.restart.classloader.RestartClassLoader@46006e26]
	at org.springframework.util.ReflectionUtils.getDeclaredMethods(ReflectionUtils.java:483)
	at org.springframework.util.ReflectionUtils.doWithLocalMethods(ReflectionUtils.java:320)
	at org.springframework.beans.factory.annotation.AutowiredAnnotationBeanPostProcessor.checkLookupMethods(AutowiredAnnotationBeanPostProcessor.java:459)
	... 38 more
Caused by: java.lang.NoClassDefFoundError: ProductDtoResponse
	at java.base/java.lang.Class.getDeclaredMethods0(Native Method)
	at java.base/java.lang.Class.privateGetDeclaredMethods(Class.java:3578)
	at java.base/java.lang.Class.getDeclaredMethods(Class.java:2676)
	at org.springframework.util.ReflectionUtils.getDeclaredMethods(ReflectionUtils.java:465)
	... 40 more
Caused by: java.lang.ClassNotFoundException: ProductDtoResponse
	at java.base/jdk.internal.loader.BuiltinClassLoader.loadClass(BuiltinClassLoader.java:641)
	at java.base/jdk.internal.loader.ClassLoaders$AppClassLoader.loadClass(ClassLoaders.java:188)
	at java.base/java.lang.ClassLoader.loadClass(ClassLoader.java:526)
	at java.base/java.lang.Class.forName0(Native Method)
	at java.base/java.lang.Class.forName(Class.java:534)
	at java.base/java.lang.Class.forName(Class.java:513)
	at org.springframework.boot.devtools.restart.classloader.RestartClassLoader.loadClass(RestartClassLoader.java:123)
	at java.base/java.lang.ClassLoader.loadClass(ClassLoader.java:526)
	... 44 more
2026-01-12 01:29:14 INFO  EmartApplication:54 - Starting EmartApplication using Java 21.0.8 with PID 16244 (D:\emart_project\emart\emart\target\classes started by amrit in D:\emart_project\emart\emart)
2026-01-12 01:29:14 INFO  EmartApplication:652 - No active profile set, falling back to 1 default profile: "default"
2026-01-12 01:29:14 INFO  RepositoryConfigurationDelegate:145 - Bootstrapping Spring Data JPA repositories in DEFAULT mode.
2026-01-12 01:29:14 INFO  RepositoryConfigurationDelegate:213 - Finished Spring Data repository scanning in 1 ms. Found 0 JPA repository interfaces.
2026-01-12 01:29:14 WARN  AnnotationConfigServletWebServerApplicationContext:628 - Exception encountered during context initialization - cancelling refresh attempt: org.springframework.beans.factory.CannotLoadBeanClassException: Error loading class [com.example.emart.services.impl.ProductServiceImpl] for bean with name 'productServiceImpl' defined in file [D:\emart_project\emart\emart\target\classes\com\example\emart\services\impl\ProductServiceImpl.class]: problem with class file or dependent class
2026-01-12 01:29:14 INFO  ConditionEvaluationReportLogger:82 - 

Error starting ApplicationContext. To display the condition evaluation report re-run your application with 'debug' enabled.
2026-01-12 01:29:14 ERROR SpringApplication:863 - Application run failed
org.springframework.beans.factory.CannotLoadBeanClassException: Error loading class [com.example.emart.services.impl.ProductServiceImpl] for bean with name 'productServiceImpl' defined in file [D:\emart_project\emart\emart\target\classes\com\example\emart\services\impl\ProductServiceImpl.class]: problem with class file or dependent class
	at org.springframework.beans.factory.support.AbstractBeanFactory.resolveBeanClass(AbstractBeanFactory.java:1574)
	at org.springframework.beans.factory.support.AbstractAutowireCapableBeanFactory.determineTargetType(AbstractAutowireCapableBeanFactory.java:686)
	at org.springframework.beans.factory.support.AbstractAutowireCapableBeanFactory.predictBeanType(AbstractAutowireCapableBeanFactory.java:655)
	at org.springframework.beans.factory.support.AbstractBeanFactory.getType(AbstractBeanFactory.java:733)
	at org.springframework.beans.factory.support.DefaultListableBeanFactory.findAnnotationOnBean(DefaultListableBeanFactory.java:811)
	at org.springframework.boot.sql.init.dependency.AnnotationDependsOnDatabaseInitializationDetector.detect(AnnotationDependsOnDatabaseInitializationDetector.java:36)
	at org.springframework.boot.sql.init.dependency.DatabaseInitializationDependencyConfigurer$DependsOnDatabaseInitializationPostProcessor.detectDependsOnInitializationBeanNames(DatabaseInitializationDependencyConfigurer.java:155)
	at org.springframework.boot.sql.init.dependency.DatabaseInitializationDependencyConfigurer$DependsOnDatabaseInitializationPostProcessor.postProcessBeanFactory(DatabaseInitializationDependencyConfigurer.java:118)
	at org.springframework.context.support.PostProcessorRegistrationDelegate.invokeBeanFactoryPostProcessors(PostProcessorRegistrationDelegate.java:363)
	at org.springframework.context.support.PostProcessorRegistrationDelegate.invokeBeanFactoryPostProcessors(PostProcessorRegistrationDelegate.java:197)
	at org.springframework.context.support.AbstractApplicationContext.invokeBeanFactoryPostProcessors(AbstractApplicationContext.java:794)
	at org.springframework.context.support.AbstractApplicationContext.refresh(AbstractApplicationContext.java:602)
	at org.springframework.boot.web.server.servlet.context.ServletWebServerApplicationContext.refresh(ServletWebServerApplicationContext.java:143)
	at org.springframework.boot.SpringApplication.refresh(SpringApplication.java:756)
	at org.springframework.boot.SpringApplication.refreshContext(SpringApplication.java:445)
	at org.springframework.boot.SpringApplication.run(SpringApplication.java:321)
	at org.springframework.boot.SpringApplication.run(SpringApplication.java:1365)
	at org.springframework.boot.SpringApplication.run(SpringApplication.java:1354)
	at com.example.emart.EmartApplication.main(EmartApplication.java:10)
	at java.base/jdk.internal.reflect.DirectMethodHandleAccessor.invoke(DirectMethodHandleAccessor.java:103)
	at java.base/java.lang.reflect.Method.invoke(Method.java:580)
	at org.springframework.boot.devtools.restart.RestartLauncher.run(RestartLauncher.java:52)
Caused by: java.lang.ClassFormatError: Duplicate method name "createProduct" with signature "(Lcom.example.emart.dtos.ProductDtoRequest;)LProductDtoResponse;" in class file com/example/emart/services/impl/ProductServiceImpl
	at java.base/java.lang.ClassLoader.defineClass1(Native Method)
	at java.base/java.lang.ClassLoader.defineClass(ClassLoader.java:1027)
	at java.base/java.security.SecureClassLoader.defineClass(SecureClassLoader.java:150)
	at java.base/java.net.URLClassLoader.defineClass(URLClassLoader.java:524)
	at java.base/java.net.URLClassLoader$1.run(URLClassLoader.java:427)
	at java.base/java.net.URLClassLoader$1.run(URLClassLoader.java:421)
	at java.base/java.security.AccessController.doPrivileged(AccessController.java:714)
	at java.base/java.net.URLClassLoader.findClass(URLClassLoader.java:420)
	at org.springframework.boot.devtools.restart.classloader.RestartClassLoader.findClass(RestartClassLoader.java:138)
	at org.springframework.boot.devtools.restart.classloader.RestartClassLoader.loadClass(RestartClassLoader.java:120)
	at java.base/java.lang.ClassLoader.loadClass(ClassLoader.java:526)
	at java.base/java.lang.Class.forName0(Native Method)
	at java.base/java.lang.Class.forName(Class.java:534)
	at java.base/java.lang.Class.forName(Class.java:513)
	at org.springframework.util.ClassUtils.forName(ClassUtils.java:302)
	at org.springframework.beans.factory.support.AbstractBeanDefinition.resolveBeanClass(AbstractBeanDefinition.java:489)
	at org.springframework.beans.factory.support.AbstractBeanFactory.doResolveBeanClass(AbstractBeanFactory.java:1638)
	at org.springframework.beans.factory.support.AbstractBeanFactory.resolveBeanClass(AbstractBeanFactory.java:1564)
	... 21 more
2026-01-12 01:30:17 INFO  EmartApplication:54 - Starting EmartApplication using Java 21.0.8 with PID 16244 (D:\emart_project\emart\emart\target\classes started by amrit in D:\emart_project\emart\emart)
2026-01-12 01:30:17 INFO  EmartApplication:652 - No active profile set, falling back to 1 default profile: "default"
2026-01-12 01:30:17 INFO  RepositoryConfigurationDelegate:145 - Bootstrapping Spring Data JPA repositories in DEFAULT mode.
2026-01-12 01:30:17 INFO  RepositoryConfigurationDelegate:213 - Finished Spring Data repository scanning in 2 ms. Found 0 JPA repository interfaces.
2026-01-12 01:30:17 INFO  TomcatWebServer:114 - Tomcat initialized with port 8080 (http)
2026-01-12 01:30:17 INFO  Http11NioProtocol:168 - Initializing ProtocolHandler ["http-nio-8080"]
2026-01-12 01:30:17 INFO  StandardService:168 - Starting service [Tomcat]
2026-01-12 01:30:17 INFO  StandardEngine:168 - Starting Servlet engine: [Apache Tomcat/11.0.15]
2026-01-12 01:30:17 INFO  WebApplicationContextInitializer:77 - Root WebApplicationContext: initialization completed in 183 ms
2026-01-12 01:30:17 INFO  jpa:102 - HHH008540: Processing PersistenceUnitInfo [name: default]
2026-01-12 01:30:17 INFO  SpringPersistenceUnitInfo:128 - No LoadTimeWeaver setup: ignoring JPA class transformer
2026-01-12 01:30:17 INFO  HikariDataSource:109 - HikariPool-4 - Starting...
2026-01-12 01:30:17 INFO  HikariPool:580 - HikariPool-4 - Added connection org.postgresql.jdbc.PgConnection@6687d27a
2026-01-12 01:30:17 INFO  HikariDataSource:122 - HikariPool-4 - Start completed.
2026-01-12 01:30:17 WARN  deprecation:152 - HHH90000025: PostgreSQLDialect does not need to be specified explicitly using 'hibernate.dialect' (remove the property setting and it will be selected by default)
2026-01-12 01:30:17 INFO  pooling:179 - HHH10001005: Database info:
	Database JDBC URL [jdbc:postgresql://localhost:5432/emart]
	Database driver: PostgreSQL JDBC Driver
	Database dialect: PostgreSQLDialect
	Database version: 18.1
	Default catalog/schema: emart/public
	Autocommit mode: undefined/unknown
	Isolation level: READ_COMMITTED [default READ_COMMITTED]
	JDBC fetch size: none
	Pool: DataSourceConnectionProvider
	Minimum pool size: undefined/unknown
	Maximum pool size: undefined/unknown
2026-01-12 01:30:17 INFO  core:53 - HHH000489: No JTA platform available (set 'hibernate.transaction.jta.platform' to enable JTA platform integration)
2026-01-12 01:30:17 INFO  LocalContainerEntityManagerFactoryBean:444 - Initialized JPA EntityManagerFactory for persistence unit 'default'
2026-01-12 01:30:17 WARN  AnnotationConfigServletWebServerApplicationContext:628 - Exception encountered during context initialization - cancelling refresh attempt: org.springframework.beans.factory.BeanCreationException: Error creating bean with name 'productController': Lookup method resolution failed
2026-01-12 01:30:17 INFO  LocalContainerEntityManagerFactoryBean:667 - Closing JPA EntityManagerFactory for persistence unit 'default'
2026-01-12 01:30:17 INFO  HikariDataSource:349 - HikariPool-4 - Shutdown initiated...
2026-01-12 01:30:17 INFO  HikariDataSource:351 - HikariPool-4 - Shutdown completed.
2026-01-12 01:30:17 INFO  StandardService:168 - Stopping service [Tomcat]
2026-01-12 01:30:17 INFO  ConditionEvaluationReportLogger:82 - 

Error starting ApplicationContext. To display the condition evaluation report re-run your application with 'debug' enabled.
2026-01-12 01:30:17 ERROR SpringApplication:863 - Application run failed
org.springframework.beans.factory.BeanCreationException: Error creating bean with name 'productController': Lookup method resolution failed
	at org.springframework.beans.factory.annotation.AutowiredAnnotationBeanPostProcessor.checkLookupMethods(AutowiredAnnotationBeanPostProcessor.java:481)
	at org.springframework.beans.factory.annotation.AutowiredAnnotationBeanPostProcessor.determineCandidateConstructors(AutowiredAnnotationBeanPostProcessor.java:351)
	at org.springframework.beans.factory.support.AbstractAutowireCapableBeanFactory.determineConstructorsFromBeanPostProcessors(AbstractAutowireCapableBeanFactory.java:1321)
	at org.springframework.beans.factory.support.AbstractAutowireCapableBeanFactory.createBeanInstance(AbstractAutowireCapableBeanFactory.java:1218)
	at org.springframework.beans.factory.support.AbstractAutowireCapableBeanFactory.doCreateBean(AbstractAutowireCapableBeanFactory.java:565)
	at org.springframework.beans.factory.support.AbstractAutowireCapableBeanFactory.createBean(AbstractAutowireCapableBeanFactory.java:525)
	at org.springframework.beans.factory.support.AbstractBeanFactory.lambda$doGetBean$0(AbstractBeanFactory.java:333)
	at org.springframework.beans.factory.support.DefaultSingletonBeanRegistry.getSingleton(DefaultSingletonBeanRegistry.java:371)
	at org.springframework.beans.factory.support.AbstractBeanFactory.doGetBean(AbstractBeanFactory.java:331)
	at org.springframework.beans.factory.support.AbstractBeanFactory.getBean(AbstractBeanFactory.java:196)
	at org.springframework.beans.factory.support.DefaultListableBeanFactory.instantiateSingleton(DefaultListableBeanFactory.java:1218)
	at org.springframework.beans.factory.support.DefaultListableBeanFactory.preInstantiateSingleton(DefaultListableBeanFactory.java:1184)
	at org.springframework.beans.factory.support.DefaultListableBeanFactory.preInstantiateSingletons(DefaultListableBeanFactory.java:1121)
	at org.springframework.context.support.AbstractApplicationContext.finishBeanFactoryInitialization(AbstractApplicationContext.java:993)
	at org.springframework.context.support.AbstractApplicationContext.refresh(AbstractApplicationContext.java:620)
	at org.springframework.boot.web.server.servlet.context.ServletWebServerApplicationContext.refresh(ServletWebServerApplicationContext.java:143)
	at org.springframework.boot.SpringApplication.refresh(SpringApplication.java:756)
	at org.springframework.boot.SpringApplication.refreshContext(SpringApplication.java:445)
	at org.springframework.boot.SpringApplication.run(SpringApplication.java:321)
	at org.springframework.boot.SpringApplication.run(SpringApplication.java:1365)
	at org.springframework.boot.SpringApplication.run(SpringApplication.java:1354)
	at com.example.emart.EmartApplication.main(EmartApplication.java:10)
	at java.base/jdk.internal.reflect.DirectMethodHandleAccessor.invoke(DirectMethodHandleAccessor.java:103)
	at java.base/java.lang.reflect.Method.invoke(Method.java:580)
	at org.springframework.boot.devtools.restart.RestartLauncher.run(RestartLauncher.java:52)
Caused by: java.lang.IllegalStateException: Failed to introspect Class [com.example.emart.controllers.ProductController] from ClassLoader [org.springframework.boot.devtools.restart.classloader.RestartClassLoader@59a24ae9]
	at org.springframework.util.ReflectionUtils.getDeclaredMethods(ReflectionUtils.java:483)
	at org.springframework.util.ReflectionUtils.doWithLocalMethods(ReflectionUtils.java:320)
	at org.springframework.beans.factory.annotation.AutowiredAnnotationBeanPostProcessor.checkLookupMethods(AutowiredAnnotationBeanPostProcessor.java:459)
	... 24 more
Caused by: java.lang.NoClassDefFoundError: ProductDtoRequest
	at java.base/java.lang.Class.getDeclaredMethods0(Native Method)
	at java.base/java.lang.Class.privateGetDeclaredMethods(Class.java:3578)
	at java.base/java.lang.Class.getDeclaredMethods(Class.java:2676)
	at org.springframework.util.ReflectionUtils.getDeclaredMethods(ReflectionUtils.java:465)
	... 26 more
Caused by: java.lang.ClassNotFoundException: ProductDtoRequest
	at java.base/jdk.internal.loader.BuiltinClassLoader.loadClass(BuiltinClassLoader.java:641)
	at java.base/jdk.internal.loader.ClassLoaders$AppClassLoader.loadClass(ClassLoaders.java:188)
	at java.base/java.lang.ClassLoader.loadClass(ClassLoader.java:526)
	at java.base/java.lang.Class.forName0(Native Method)
	at java.base/java.lang.Class.forName(Class.java:534)
	at java.base/java.lang.Class.forName(Class.java:513)
	at org.springframework.boot.devtools.restart.classloader.RestartClassLoader.loadClass(RestartClassLoader.java:123)
	at java.base/java.lang.ClassLoader.loadClass(ClassLoader.java:526)
	... 30 more
2026-01-12 01:30:24 INFO  EmartApplication:54 - Starting EmartApplication using Java 21.0.8 with PID 16244 (D:\emart_project\emart\emart\target\classes started by amrit in D:\emart_project\emart\emart)
2026-01-12 01:30:24 INFO  EmartApplication:652 - No active profile set, falling back to 1 default profile: "default"
2026-01-12 01:30:24 INFO  RepositoryConfigurationDelegate:145 - Bootstrapping Spring Data JPA repositories in DEFAULT mode.
2026-01-12 01:30:24 INFO  RepositoryConfigurationDelegate:213 - Finished Spring Data repository scanning in 1 ms. Found 0 JPA repository interfaces.
2026-01-12 01:30:24 WARN  AnnotationConfigServletWebServerApplicationContext:628 - Exception encountered during context initialization - cancelling refresh attempt: org.springframework.beans.factory.CannotLoadBeanClassException: Error loading class [com.example.emart.services.impl.ProductServiceImpl] for bean with name 'productServiceImpl' defined in file [D:\emart_project\emart\emart\target\classes\com\example\emart\services\impl\ProductServiceImpl.class]: problem with class file or dependent class
2026-01-12 01:30:24 INFO  ConditionEvaluationReportLogger:82 - 

Error starting ApplicationContext. To display the condition evaluation report re-run your application with 'debug' enabled.
2026-01-12 01:30:24 ERROR SpringApplication:863 - Application run failed
org.springframework.beans.factory.CannotLoadBeanClassException: Error loading class [com.example.emart.services.impl.ProductServiceImpl] for bean with name 'productServiceImpl' defined in file [D:\emart_project\emart\emart\target\classes\com\example\emart\services\impl\ProductServiceImpl.class]: problem with class file or dependent class
	at org.springframework.beans.factory.support.AbstractBeanFactory.resolveBeanClass(AbstractBeanFactory.java:1574)
	at org.springframework.beans.factory.support.AbstractAutowireCapableBeanFactory.determineTargetType(AbstractAutowireCapableBeanFactory.java:686)
	at org.springframework.beans.factory.support.AbstractAutowireCapableBeanFactory.predictBeanType(AbstractAutowireCapableBeanFactory.java:655)
	at org.springframework.beans.factory.support.AbstractBeanFactory.getType(AbstractBeanFactory.java:733)
	at org.springframework.beans.factory.support.DefaultListableBeanFactory.findAnnotationOnBean(DefaultListableBeanFactory.java:811)
	at org.springframework.boot.sql.init.dependency.AnnotationDependsOnDatabaseInitializationDetector.detect(AnnotationDependsOnDatabaseInitializationDetector.java:36)
	at org.springframework.boot.sql.init.dependency.DatabaseInitializationDependencyConfigurer$DependsOnDatabaseInitializationPostProcessor.detectDependsOnInitializationBeanNames(DatabaseInitializationDependencyConfigurer.java:155)
	at org.springframework.boot.sql.init.dependency.DatabaseInitializationDependencyConfigurer$DependsOnDatabaseInitializationPostProcessor.postProcessBeanFactory(DatabaseInitializationDependencyConfigurer.java:118)
	at org.springframework.context.support.PostProcessorRegistrationDelegate.invokeBeanFactoryPostProcessors(PostProcessorRegistrationDelegate.java:363)
	at org.springframework.context.support.PostProcessorRegistrationDelegate.invokeBeanFactoryPostProcessors(PostProcessorRegistrationDelegate.java:197)
	at org.springframework.context.support.AbstractApplicationContext.invokeBeanFactoryPostProcessors(AbstractApplicationContext.java:794)
	at org.springframework.context.support.AbstractApplicationContext.refresh(AbstractApplicationContext.java:602)
	at org.springframework.boot.web.server.servlet.context.ServletWebServerApplicationContext.refresh(ServletWebServerApplicationContext.java:143)
	at org.springframework.boot.SpringApplication.refresh(SpringApplication.java:756)
	at org.springframework.boot.SpringApplication.refreshContext(SpringApplication.java:445)
	at org.springframework.boot.SpringApplication.run(SpringApplication.java:321)
	at org.springframework.boot.SpringApplication.run(SpringApplication.java:1365)
	at org.springframework.boot.SpringApplication.run(SpringApplication.java:1354)
	at com.example.emart.EmartApplication.main(EmartApplication.java:10)
	at java.base/jdk.internal.reflect.DirectMethodHandleAccessor.invoke(DirectMethodHandleAccessor.java:103)
	at java.base/java.lang.reflect.Method.invoke(Method.java:580)
	at org.springframework.boot.devtools.restart.RestartLauncher.run(RestartLauncher.java:52)
Caused by: java.lang.ClassFormatError: Duplicate method name "createProduct" with signature "(LProductDtoRequest;)LProductDtoResponse;" in class file com/example/emart/services/impl/ProductServiceImpl
	at java.base/java.lang.ClassLoader.defineClass1(Native Method)
	at java.base/java.lang.ClassLoader.defineClass(ClassLoader.java:1027)
	at java.base/java.security.SecureClassLoader.defineClass(SecureClassLoader.java:150)
	at java.base/java.net.URLClassLoader.defineClass(URLClassLoader.java:524)
	at java.base/java.net.URLClassLoader$1.run(URLClassLoader.java:427)
	at java.base/java.net.URLClassLoader$1.run(URLClassLoader.java:421)
	at java.base/java.security.AccessController.doPrivileged(AccessController.java:714)
	at java.base/java.net.URLClassLoader.findClass(URLClassLoader.java:420)
	at org.springframework.boot.devtools.restart.classloader.RestartClassLoader.findClass(RestartClassLoader.java:138)
	at org.springframework.boot.devtools.restart.classloader.RestartClassLoader.loadClass(RestartClassLoader.java:120)
	at java.base/java.lang.ClassLoader.loadClass(ClassLoader.java:526)
	at java.base/java.lang.Class.forName0(Native Method)
	at java.base/java.lang.Class.forName(Class.java:534)
	at java.base/java.lang.Class.forName(Class.java:513)
	at org.springframework.util.ClassUtils.forName(ClassUtils.java:302)
	at org.springframework.beans.factory.support.AbstractBeanDefinition.resolveBeanClass(AbstractBeanDefinition.java:489)
	at org.springframework.beans.factory.support.AbstractBeanFactory.doResolveBeanClass(AbstractBeanFactory.java:1638)
	at org.springframework.beans.factory.support.AbstractBeanFactory.resolveBeanClass(AbstractBeanFactory.java:1564)
	... 21 more
2026-01-12 01:31:24 INFO  EmartApplication:54 - Starting EmartApplication using Java 21.0.8 with PID 16244 (D:\emart_project\emart\emart\target\classes started by amrit in D:\emart_project\emart\emart)
2026-01-12 01:31:24 INFO  EmartApplication:652 - No active profile set, falling back to 1 default profile: "default"
2026-01-12 01:31:24 INFO  RepositoryConfigurationDelegate:145 - Bootstrapping Spring Data JPA repositories in DEFAULT mode.
2026-01-12 01:31:24 INFO  RepositoryConfigurationDelegate:213 - Finished Spring Data repository scanning in 2 ms. Found 0 JPA repository interfaces.
2026-01-12 01:31:24 INFO  TomcatWebServer:114 - Tomcat initialized with port 8080 (http)
2026-01-12 01:31:24 INFO  Http11NioProtocol:168 - Initializing ProtocolHandler ["http-nio-8080"]
2026-01-12 01:31:24 INFO  StandardService:168 - Starting service [Tomcat]
2026-01-12 01:31:24 INFO  StandardEngine:168 - Starting Servlet engine: [Apache Tomcat/11.0.15]
2026-01-12 01:31:24 INFO  WebApplicationContextInitializer:77 - Root WebApplicationContext: initialization completed in 214 ms
2026-01-12 01:31:24 INFO  jpa:102 - HHH008540: Processing PersistenceUnitInfo [name: default]
2026-01-12 01:31:24 INFO  SpringPersistenceUnitInfo:128 - No LoadTimeWeaver setup: ignoring JPA class transformer
2026-01-12 01:31:24 INFO  HikariDataSource:109 - HikariPool-5 - Starting...
2026-01-12 01:31:24 INFO  HikariPool:580 - HikariPool-5 - Added connection org.postgresql.jdbc.PgConnection@60866333
2026-01-12 01:31:24 INFO  HikariDataSource:122 - HikariPool-5 - Start completed.
2026-01-12 01:31:24 WARN  deprecation:152 - HHH90000025: PostgreSQLDialect does not need to be specified explicitly using 'hibernate.dialect' (remove the property setting and it will be selected by default)
2026-01-12 01:31:24 INFO  pooling:179 - HHH10001005: Database info:
	Database JDBC URL [jdbc:postgresql://localhost:5432/emart]
	Database driver: PostgreSQL JDBC Driver
	Database dialect: PostgreSQLDialect
	Database version: 18.1
	Default catalog/schema: emart/public
	Autocommit mode: undefined/unknown
	Isolation level: READ_COMMITTED [default READ_COMMITTED]
	JDBC fetch size: none
	Pool: DataSourceConnectionProvider
	Minimum pool size: undefined/unknown
	Maximum pool size: undefined/unknown
2026-01-12 01:31:24 INFO  core:53 - HHH000489: No JTA platform available (set 'hibernate.transaction.jta.platform' to enable JTA platform integration)
2026-01-12 01:31:24 INFO  LocalContainerEntityManagerFactoryBean:444 - Initialized JPA EntityManagerFactory for persistence unit 'default'
2026-01-12 01:31:24 WARN  AnnotationConfigServletWebServerApplicationContext:628 - Exception encountered during context initialization - cancelling refresh attempt: org.springframework.beans.factory.BeanCreationException: Error creating bean with name 'productController': Lookup method resolution failed
2026-01-12 01:31:24 INFO  LocalContainerEntityManagerFactoryBean:667 - Closing JPA EntityManagerFactory for persistence unit 'default'
2026-01-12 01:31:24 INFO  HikariDataSource:349 - HikariPool-5 - Shutdown initiated...
2026-01-12 01:31:24 INFO  HikariDataSource:351 - HikariPool-5 - Shutdown completed.
2026-01-12 01:31:24 INFO  StandardService:168 - Stopping service [Tomcat]
2026-01-12 01:31:24 INFO  ConditionEvaluationReportLogger:82 - 

Error starting ApplicationContext. To display the condition evaluation report re-run your application with 'debug' enabled.
2026-01-12 01:31:24 ERROR SpringApplication:863 - Application run failed
org.springframework.beans.factory.BeanCreationException: Error creating bean with name 'productController': Lookup method resolution failed
	at org.springframework.beans.factory.annotation.AutowiredAnnotationBeanPostProcessor.checkLookupMethods(AutowiredAnnotationBeanPostProcessor.java:481)
	at org.springframework.beans.factory.annotation.AutowiredAnnotationBeanPostProcessor.determineCandidateConstructors(AutowiredAnnotationBeanPostProcessor.java:351)
	at org.springframework.beans.factory.support.AbstractAutowireCapableBeanFactory.determineConstructorsFromBeanPostProcessors(AbstractAutowireCapableBeanFactory.java:1321)
	at org.springframework.beans.factory.support.AbstractAutowireCapableBeanFactory.createBeanInstance(AbstractAutowireCapableBeanFactory.java:1218)
	at org.springframework.beans.factory.support.AbstractAutowireCapableBeanFactory.doCreateBean(AbstractAutowireCapableBeanFactory.java:565)
	at org.springframework.beans.factory.support.AbstractAutowireCapableBeanFactory.createBean(AbstractAutowireCapableBeanFactory.java:525)
	at org.springframework.beans.factory.support.AbstractBeanFactory.lambda$doGetBean$0(AbstractBeanFactory.java:333)
	at org.springframework.beans.factory.support.DefaultSingletonBeanRegistry.getSingleton(DefaultSingletonBeanRegistry.java:371)
	at org.springframework.beans.factory.support.AbstractBeanFactory.doGetBean(AbstractBeanFactory.java:331)
	at org.springframework.beans.factory.support.AbstractBeanFactory.getBean(AbstractBeanFactory.java:196)
	at org.springframework.beans.factory.support.DefaultListableBeanFactory.instantiateSingleton(DefaultListableBeanFactory.java:1218)
	at org.springframework.beans.factory.support.DefaultListableBeanFactory.preInstantiateSingleton(DefaultListableBeanFactory.java:1184)
	at org.springframework.beans.factory.support.DefaultListableBeanFactory.preInstantiateSingletons(DefaultListableBeanFactory.java:1121)
	at org.springframework.context.support.AbstractApplicationContext.finishBeanFactoryInitialization(AbstractApplicationContext.java:993)
	at org.springframework.context.support.AbstractApplicationContext.refresh(AbstractApplicationContext.java:620)
	at org.springframework.boot.web.server.servlet.context.ServletWebServerApplicationContext.refresh(ServletWebServerApplicationContext.java:143)
	at org.springframework.boot.SpringApplication.refresh(SpringApplication.java:756)
	at org.springframework.boot.SpringApplication.refreshContext(SpringApplication.java:445)
	at org.springframework.boot.SpringApplication.run(SpringApplication.java:321)
	at org.springframework.boot.SpringApplication.run(SpringApplication.java:1365)
	at org.springframework.boot.SpringApplication.run(SpringApplication.java:1354)
	at com.example.emart.EmartApplication.main(EmartApplication.java:10)
	at java.base/jdk.internal.reflect.DirectMethodHandleAccessor.invoke(DirectMethodHandleAccessor.java:103)
	at java.base/java.lang.reflect.Method.invoke(Method.java:580)
	at org.springframework.boot.devtools.restart.RestartLauncher.run(RestartLauncher.java:52)
Caused by: java.lang.IllegalStateException: Failed to introspect Class [com.example.emart.controllers.ProductController] from ClassLoader [org.springframework.boot.devtools.restart.classloader.RestartClassLoader@13a4f5bf]
	at org.springframework.util.ReflectionUtils.getDeclaredMethods(ReflectionUtils.java:483)
	at org.springframework.util.ReflectionUtils.doWithLocalMethods(ReflectionUtils.java:320)
	at org.springframework.beans.factory.annotation.AutowiredAnnotationBeanPostProcessor.checkLookupMethods(AutowiredAnnotationBeanPostProcessor.java:459)
	... 24 more
Caused by: java.lang.NoClassDefFoundError: ProductDtoRequest
	at java.base/java.lang.Class.getDeclaredMethods0(Native Method)
	at java.base/java.lang.Class.privateGetDeclaredMethods(Class.java:3578)
	at java.base/java.lang.Class.getDeclaredMethods(Class.java:2676)
	at org.springframework.util.ReflectionUtils.getDeclaredMethods(ReflectionUtils.java:465)
	... 26 more
Caused by: java.lang.ClassNotFoundException: ProductDtoRequest
	at java.base/jdk.internal.loader.BuiltinClassLoader.loadClass(BuiltinClassLoader.java:641)
	at java.base/jdk.internal.loader.ClassLoaders$AppClassLoader.loadClass(ClassLoaders.java:188)
	at java.base/java.lang.ClassLoader.loadClass(ClassLoader.java:526)
	at java.base/java.lang.Class.forName0(Native Method)
	at java.base/java.lang.Class.forName(Class.java:534)
	at java.base/java.lang.Class.forName(Class.java:513)
	at org.springframework.boot.devtools.restart.classloader.RestartClassLoader.loadClass(RestartClassLoader.java:123)
	at java.base/java.lang.ClassLoader.loadClass(ClassLoader.java:526)
	... 30 more
2026-01-12 01:31:46 INFO  EmartApplication:54 - Starting EmartApplication using Java 21.0.8 with PID 16244 (D:\emart_project\emart\emart\target\classes started by amrit in D:\emart_project\emart\emart)
2026-01-12 01:31:46 INFO  EmartApplication:652 - No active profile set, falling back to 1 default profile: "default"
2026-01-12 01:31:46 INFO  RepositoryConfigurationDelegate:145 - Bootstrapping Spring Data JPA repositories in DEFAULT mode.
2026-01-12 01:31:46 INFO  RepositoryConfigurationDelegate:213 - Finished Spring Data repository scanning in 2 ms. Found 0 JPA repository interfaces.
2026-01-12 01:31:46 WARN  AnnotationConfigServletWebServerApplicationContext:628 - Exception encountered during context initialization - cancelling refresh attempt: org.springframework.beans.factory.CannotLoadBeanClassException: Error loading class [com.example.emart.services.impl.ProductServiceImpl] for bean with name 'productServiceImpl' defined in file [D:\emart_project\emart\emart\target\classes\com\example\emart\services\impl\ProductServiceImpl.class]: problem with class file or dependent class
2026-01-12 01:31:46 INFO  ConditionEvaluationReportLogger:82 - 

Error starting ApplicationContext. To display the condition evaluation report re-run your application with 'debug' enabled.
2026-01-12 01:31:46 ERROR SpringApplication:863 - Application run failed
org.springframework.beans.factory.CannotLoadBeanClassException: Error loading class [com.example.emart.services.impl.ProductServiceImpl] for bean with name 'productServiceImpl' defined in file [D:\emart_project\emart\emart\target\classes\com\example\emart\services\impl\ProductServiceImpl.class]: problem with class file or dependent class
	at org.springframework.beans.factory.support.AbstractBeanFactory.resolveBeanClass(AbstractBeanFactory.java:1574)
	at org.springframework.beans.factory.support.AbstractAutowireCapableBeanFactory.determineTargetType(AbstractAutowireCapableBeanFactory.java:686)
	at org.springframework.beans.factory.support.AbstractAutowireCapableBeanFactory.predictBeanType(AbstractAutowireCapableBeanFactory.java:655)
	at org.springframework.beans.factory.support.AbstractBeanFactory.getType(AbstractBeanFactory.java:733)
	at org.springframework.beans.factory.support.DefaultListableBeanFactory.findAnnotationOnBean(DefaultListableBeanFactory.java:811)
	at org.springframework.boot.sql.init.dependency.AnnotationDependsOnDatabaseInitializationDetector.detect(AnnotationDependsOnDatabaseInitializationDetector.java:36)
	at org.springframework.boot.sql.init.dependency.DatabaseInitializationDependencyConfigurer$DependsOnDatabaseInitializationPostProcessor.detectDependsOnInitializationBeanNames(DatabaseInitializationDependencyConfigurer.java:155)
	at org.springframework.boot.sql.init.dependency.DatabaseInitializationDependencyConfigurer$DependsOnDatabaseInitializationPostProcessor.postProcessBeanFactory(DatabaseInitializationDependencyConfigurer.java:118)
	at org.springframework.context.support.PostProcessorRegistrationDelegate.invokeBeanFactoryPostProcessors(PostProcessorRegistrationDelegate.java:363)
	at org.springframework.context.support.PostProcessorRegistrationDelegate.invokeBeanFactoryPostProcessors(PostProcessorRegistrationDelegate.java:197)
	at org.springframework.context.support.AbstractApplicationContext.invokeBeanFactoryPostProcessors(AbstractApplicationContext.java:794)
	at org.springframework.context.support.AbstractApplicationContext.refresh(AbstractApplicationContext.java:602)
	at org.springframework.boot.web.server.servlet.context.ServletWebServerApplicationContext.refresh(ServletWebServerApplicationContext.java:143)
	at org.springframework.boot.SpringApplication.refresh(SpringApplication.java:756)
	at org.springframework.boot.SpringApplication.refreshContext(SpringApplication.java:445)
	at org.springframework.boot.SpringApplication.run(SpringApplication.java:321)
	at org.springframework.boot.SpringApplication.run(SpringApplication.java:1365)
	at org.springframework.boot.SpringApplication.run(SpringApplication.java:1354)
	at com.example.emart.EmartApplication.main(EmartApplication.java:10)
	at java.base/jdk.internal.reflect.DirectMethodHandleAccessor.invoke(DirectMethodHandleAccessor.java:103)
	at java.base/java.lang.reflect.Method.invoke(Method.java:580)
	at org.springframework.boot.devtools.restart.RestartLauncher.run(RestartLauncher.java:52)
Caused by: java.lang.ClassFormatError: Duplicate method name "createProduct" with signature "(LProductDtoRequest;)Lcom.example.emart.dtos.ProductDtoResponse;" in class file com/example/emart/services/impl/ProductServiceImpl
	at java.base/java.lang.ClassLoader.defineClass1(Native Method)
	at java.base/java.lang.ClassLoader.defineClass(ClassLoader.java:1027)
	at java.base/java.security.SecureClassLoader.defineClass(SecureClassLoader.java:150)
	at java.base/java.net.URLClassLoader.defineClass(URLClassLoader.java:524)
	at java.base/java.net.URLClassLoader$1.run(URLClassLoader.java:427)
	at java.base/java.net.URLClassLoader$1.run(URLClassLoader.java:421)
	at java.base/java.security.AccessController.doPrivileged(AccessController.java:714)
	at java.base/java.net.URLClassLoader.findClass(URLClassLoader.java:420)
	at org.springframework.boot.devtools.restart.classloader.RestartClassLoader.findClass(RestartClassLoader.java:138)
	at org.springframework.boot.devtools.restart.classloader.RestartClassLoader.loadClass(RestartClassLoader.java:120)
	at java.base/java.lang.ClassLoader.loadClass(ClassLoader.java:526)
	at java.base/java.lang.Class.forName0(Native Method)
	at java.base/java.lang.Class.forName(Class.java:534)
	at java.base/java.lang.Class.forName(Class.java:513)
	at org.springframework.util.ClassUtils.forName(ClassUtils.java:302)
	at org.springframework.beans.factory.support.AbstractBeanDefinition.resolveBeanClass(AbstractBeanDefinition.java:489)
	at org.springframework.beans.factory.support.AbstractBeanFactory.doResolveBeanClass(AbstractBeanFactory.java:1638)
	at org.springframework.beans.factory.support.AbstractBeanFactory.resolveBeanClass(AbstractBeanFactory.java:1564)
	... 21 more
2026-01-12 01:32:04 INFO  EmartApplication:54 - Starting EmartApplication using Java 21.0.8 with PID 16244 (D:\emart_project\emart\emart\target\classes started by amrit in D:\emart_project\emart\emart)
2026-01-12 01:32:04 INFO  EmartApplication:652 - No active profile set, falling back to 1 default profile: "default"
2026-01-12 01:32:04 INFO  RepositoryConfigurationDelegate:145 - Bootstrapping Spring Data JPA repositories in DEFAULT mode.
2026-01-12 01:32:04 INFO  RepositoryConfigurationDelegate:213 - Finished Spring Data repository scanning in 2 ms. Found 0 JPA repository interfaces.
2026-01-12 01:32:04 INFO  TomcatWebServer:114 - Tomcat initialized with port 8080 (http)
2026-01-12 01:32:04 INFO  Http11NioProtocol:168 - Initializing ProtocolHandler ["http-nio-8080"]
2026-01-12 01:32:04 INFO  StandardService:168 - Starting service [Tomcat]
2026-01-12 01:32:04 INFO  StandardEngine:168 - Starting Servlet engine: [Apache Tomcat/11.0.15]
2026-01-12 01:32:04 INFO  WebApplicationContextInitializer:77 - Root WebApplicationContext: initialization completed in 700 ms
2026-01-12 01:32:04 INFO  jpa:102 - HHH008540: Processing PersistenceUnitInfo [name: default]
2026-01-12 01:32:04 INFO  SpringPersistenceUnitInfo:128 - No LoadTimeWeaver setup: ignoring JPA class transformer
2026-01-12 01:32:04 INFO  HikariDataSource:109 - HikariPool-6 - Starting...
2026-01-12 01:32:04 INFO  HikariPool:580 - HikariPool-6 - Added connection org.postgresql.jdbc.PgConnection@78a504b1
2026-01-12 01:32:04 INFO  HikariDataSource:122 - HikariPool-6 - Start completed.
2026-01-12 01:32:04 WARN  deprecation:152 - HHH90000025: PostgreSQLDialect does not need to be specified explicitly using 'hibernate.dialect' (remove the property setting and it will be selected by default)
2026-01-12 01:32:04 INFO  pooling:179 - HHH10001005: Database info:
	Database JDBC URL [jdbc:postgresql://localhost:5432/emart]
	Database driver: PostgreSQL JDBC Driver
	Database dialect: PostgreSQLDialect
	Database version: 18.1
	Default catalog/schema: emart/public
	Autocommit mode: undefined/unknown
	Isolation level: READ_COMMITTED [default READ_COMMITTED]
	JDBC fetch size: none
	Pool: DataSourceConnectionProvider
	Minimum pool size: undefined/unknown
	Maximum pool size: undefined/unknown
2026-01-12 01:32:04 INFO  core:53 - HHH000489: No JTA platform available (set 'hibernate.transaction.jta.platform' to enable JTA platform integration)
2026-01-12 01:32:04 INFO  LocalContainerEntityManagerFactoryBean:444 - Initialized JPA EntityManagerFactory for persistence unit 'default'
2026-01-12 01:32:04 WARN  AnnotationConfigServletWebServerApplicationContext:628 - Exception encountered during context initialization - cancelling refresh attempt: org.springframework.beans.factory.UnsatisfiedDependencyException: Error creating bean with name 'productController' defined in file [D:\emart_project\emart\emart\target\classes\com\example\emart\controllers\ProductController.class]: Unsatisfied dependency expressed through constructor parameter 0: Error creating bean with name 'productServiceImpl' defined in file [D:\emart_project\emart\emart\target\classes\com\example\emart\services\impl\ProductServiceImpl.class]: Unsatisfied dependency expressed through constructor parameter 0: No qualifying bean of type 'com.example.emart.repositories.ProductRepository' available: expected at least 1 bean which qualifies as autowire candidate. Dependency annotations: {}
2026-01-12 01:32:04 INFO  LocalContainerEntityManagerFactoryBean:667 - Closing JPA EntityManagerFactory for persistence unit 'default'
2026-01-12 01:32:04 INFO  HikariDataSource:349 - HikariPool-6 - Shutdown initiated...
2026-01-12 01:32:04 INFO  HikariDataSource:351 - HikariPool-6 - Shutdown completed.
2026-01-12 01:32:04 INFO  StandardService:168 - Stopping service [Tomcat]
2026-01-12 01:32:04 INFO  ConditionEvaluationReportLogger:82 - 

Error starting ApplicationContext. To display the condition evaluation report re-run your application with 'debug' enabled.
2026-01-12 01:32:04 ERROR LoggingFailureAnalysisReporter:40 - 

***************************
APPLICATION FAILED TO START
***************************

Description:

Parameter 0 of constructor in com.example.emart.services.impl.ProductServiceImpl required a bean of type 'com.example.emart.repositories.ProductRepository' that could not be found.


Action:

Consider defining a bean of type 'com.example.emart.repositories.ProductRepository' in your configuration.

2026-01-12 01:32:06 INFO  EmartApplication:54 - Starting EmartApplication using Java 21.0.8 with PID 16244 (D:\emart_project\emart\emart\target\classes started by amrit in D:\emart_project\emart\emart)
2026-01-12 01:32:06 INFO  EmartApplication:652 - No active profile set, falling back to 1 default profile: "default"
2026-01-12 01:32:06 INFO  RepositoryConfigurationDelegate:145 - Bootstrapping Spring Data JPA repositories in DEFAULT mode.
2026-01-12 01:32:06 INFO  RepositoryConfigurationDelegate:213 - Finished Spring Data repository scanning in 1 ms. Found 0 JPA repository interfaces.
2026-01-12 01:32:06 INFO  TomcatWebServer:114 - Tomcat initialized with port 8080 (http)
2026-01-12 01:32:06 INFO  Http11NioProtocol:168 - Initializing ProtocolHandler ["http-nio-8080"]
2026-01-12 01:32:06 INFO  StandardService:168 - Starting service [Tomcat]
2026-01-12 01:32:06 INFO  StandardEngine:168 - Starting Servlet engine: [Apache Tomcat/11.0.15]
2026-01-12 01:32:06 INFO  WebApplicationContextInitializer:77 - Root WebApplicationContext: initialization completed in 245 ms
2026-01-12 01:32:06 INFO  jpa:102 - HHH008540: Processing PersistenceUnitInfo [name: default]
2026-01-12 01:32:06 INFO  SpringPersistenceUnitInfo:128 - No LoadTimeWeaver setup: ignoring JPA class transformer
2026-01-12 01:32:06 INFO  HikariDataSource:109 - HikariPool-7 - Starting...
2026-01-12 01:32:06 INFO  HikariPool:580 - HikariPool-7 - Added connection org.postgresql.jdbc.PgConnection@66a35a3b
2026-01-12 01:32:06 INFO  HikariDataSource:122 - HikariPool-7 - Start completed.
2026-01-12 01:32:06 WARN  deprecation:152 - HHH90000025: PostgreSQLDialect does not need to be specified explicitly using 'hibernate.dialect' (remove the property setting and it will be selected by default)
2026-01-12 01:32:06 INFO  pooling:179 - HHH10001005: Database info:
	Database JDBC URL [jdbc:postgresql://localhost:5432/emart]
	Database driver: PostgreSQL JDBC Driver
	Database dialect: PostgreSQLDialect
	Database version: 18.1
	Default catalog/schema: emart/public
	Autocommit mode: undefined/unknown
	Isolation level: READ_COMMITTED [default READ_COMMITTED]
	JDBC fetch size: none
	Pool: DataSourceConnectionProvider
	Minimum pool size: undefined/unknown
	Maximum pool size: undefined/unknown
2026-01-12 01:32:06 INFO  core:53 - HHH000489: No JTA platform available (set 'hibernate.transaction.jta.platform' to enable JTA platform integration)
2026-01-12 01:32:06 INFO  LocalContainerEntityManagerFactoryBean:444 - Initialized JPA EntityManagerFactory for persistence unit 'default'
2026-01-12 01:32:06 WARN  AnnotationConfigServletWebServerApplicationContext:628 - Exception encountered during context initialization - cancelling refresh attempt: org.springframework.beans.factory.UnsatisfiedDependencyException: Error creating bean with name 'productController' defined in file [D:\emart_project\emart\emart\target\classes\com\example\emart\controllers\ProductController.class]: Unsatisfied dependency expressed through constructor parameter 0: Error creating bean with name 'productServiceImpl' defined in file [D:\emart_project\emart\emart\target\classes\com\example\emart\services\impl\ProductServiceImpl.class]: Unsatisfied dependency expressed through constructor parameter 0: No qualifying bean of type 'com.example.emart.repositories.ProductRepository' available: expected at least 1 bean which qualifies as autowire candidate. Dependency annotations: {}
2026-01-12 01:32:06 INFO  LocalContainerEntityManagerFactoryBean:667 - Closing JPA EntityManagerFactory for persistence unit 'default'
2026-01-12 01:32:06 INFO  HikariDataSource:349 - HikariPool-7 - Shutdown initiated...
2026-01-12 01:32:06 INFO  HikariDataSource:351 - HikariPool-7 - Shutdown completed.
2026-01-12 01:32:06 INFO  StandardService:168 - Stopping service [Tomcat]
2026-01-12 01:32:06 INFO  ConditionEvaluationReportLogger:82 - 

Error starting ApplicationContext. To display the condition evaluation report re-run your application with 'debug' enabled.
2026-01-12 01:32:06 ERROR LoggingFailureAnalysisReporter:40 - 

***************************
APPLICATION FAILED TO START
***************************

Description:

Parameter 0 of constructor in com.example.emart.services.impl.ProductServiceImpl required a bean of type 'com.example.emart.repositories.ProductRepository' that could not be found.


Action:

Consider defining a bean of type 'com.example.emart.repositories.ProductRepository' in your configuration.

2026-01-12 01:37:43 INFO  EmartApplication:54 - Starting EmartApplication using Java 21.0.8 with PID 14256 (D:\emart_project\emart\emart\target\classes started by amrit in D:\emart_project\emart\emart)
2026-01-12 01:37:43 INFO  EmartApplication:652 - No active profile set, falling back to 1 default profile: "default"
2026-01-12 01:37:44 INFO  DevToolsPropertyDefaultsPostProcessor:69 - Devtools property defaults active! Set 'spring.devtools.add-properties' to 'false' to disable
2026-01-12 01:37:44 INFO  DevToolsPropertyDefaultsPostProcessor:69 - For additional web related logging consider setting the 'logging.level.web' property to 'DEBUG'
2026-01-12 01:37:44 INFO  RepositoryConfigurationDelegate:145 - Bootstrapping Spring Data JPA repositories in DEFAULT mode.
2026-01-12 01:37:44 INFO  RepositoryConfigurationDelegate:213 - Finished Spring Data repository scanning in 47 ms. Found 1 JPA repository interface.
2026-01-12 01:37:45 INFO  TomcatWebServer:114 - Tomcat initialized with port 8080 (http)
2026-01-12 01:37:45 INFO  Http11NioProtocol:168 - Initializing ProtocolHandler ["http-nio-8080"]
2026-01-12 01:37:45 INFO  StandardService:168 - Starting service [Tomcat]
2026-01-12 01:37:45 INFO  StandardEngine:168 - Starting Servlet engine: [Apache Tomcat/11.0.15]
2026-01-12 01:37:45 INFO  WebApplicationContextInitializer:77 - Root WebApplicationContext: initialization completed in 1332 ms
2026-01-12 01:37:45 INFO  jpa:102 - HHH008540: Processing PersistenceUnitInfo [name: default]
2026-01-12 01:37:45 INFO  core:41 - HHH000001: Hibernate ORM core version 7.2.0.Final
2026-01-12 01:37:46 INFO  SpringPersistenceUnitInfo:128 - No LoadTimeWeaver setup: ignoring JPA class transformer
2026-01-12 01:37:46 INFO  HikariDataSource:109 - HikariPool-1 - Starting...
2026-01-12 01:37:46 INFO  HikariPool:580 - HikariPool-1 - Added connection org.postgresql.jdbc.PgConnection@2f16a78d
2026-01-12 01:37:46 INFO  HikariDataSource:122 - HikariPool-1 - Start completed.
2026-01-12 01:37:46 WARN  deprecation:152 - HHH90000025: PostgreSQLDialect does not need to be specified explicitly using 'hibernate.dialect' (remove the property setting and it will be selected by default)
2026-01-12 01:37:46 INFO  pooling:179 - HHH10001005: Database info:
	Database JDBC URL [jdbc:postgresql://localhost:5432/emart]
	Database driver: PostgreSQL JDBC Driver
	Database dialect: PostgreSQLDialect
	Database version: 18.1
	Default catalog/schema: emart/public
	Autocommit mode: undefined/unknown
	Isolation level: READ_COMMITTED [default READ_COMMITTED]
	JDBC fetch size: none
	Pool: DataSourceConnectionProvider
	Minimum pool size: undefined/unknown
	Maximum pool size: undefined/unknown
2026-01-12 01:37:47 INFO  core:53 - HHH000489: No JTA platform available (set 'hibernate.transaction.jta.platform' to enable JTA platform integration)
2026-01-12 01:37:47 INFO  LocalContainerEntityManagerFactoryBean:444 - Initialized JPA EntityManagerFactory for persistence unit 'default'
2026-01-12 01:37:47 INFO  QueryEnhancerFactories:48 - Hibernate is in classpath; If applicable, HQL parser will be used.
2026-01-12 01:37:47 WARN  JpaBaseConfiguration$JpaWebConfiguration:247 - spring.jpa.open-in-view is enabled by default. Therefore, database queries may be performed during view rendering. Explicitly configure spring.jpa.open-in-view to disable this warning
2026-01-12 01:37:47 INFO  Http11NioProtocol:168 - Starting ProtocolHandler ["http-nio-8080"]
2026-01-12 01:37:48 INFO  TomcatWebServer:240 - Tomcat started on port 8080 (http) with context path '/emart'
2026-01-12 01:37:48 INFO  EmartApplication:60 - Started EmartApplication in 4.484 seconds (process running for 5.818)
2026-01-12 01:39:12 INFO  [/emart]:168 - Initializing Spring DispatcherServlet 'dispatcherServlet'
2026-01-12 01:39:12 INFO  DispatcherServlet:523 - Initializing Servlet 'dispatcherServlet'
2026-01-12 01:39:12 INFO  DispatcherServlet:545 - Completed initialization in 6 ms
2026-01-12 01:39:13 INFO  ProductController:36 - Creating product: ProductDtoRequest(name=SmartWatches, price=4500.0)
2026-01-12 01:40:39 INFO  ProductController:30 - Fetching all products
2026-01-12 01:40:50 INFO  ProductController:30 - Fetching all products
2026-01-12 01:42:24 INFO  SpringApplicationAdminMXBeanRegistrar$SpringApplicationAdmin:150 - Application shutdown requested.
2026-01-12 01:42:24 INFO  GracefulShutdown:54 - Commencing graceful shutdown. Waiting for active requests to complete
2026-01-12 01:42:25 INFO  Http11NioProtocol:168 - Pausing ProtocolHandler ["http-nio-8080"]
2026-01-12 01:42:25 INFO  GracefulShutdown:76 - Graceful shutdown complete
2026-01-12 01:42:25 INFO  Http11NioProtocol:168 - Stopping ProtocolHandler ["http-nio-8080"]
2026-01-12 01:42:25 INFO  LocalContainerEntityManagerFactoryBean:667 - Closing JPA EntityManagerFactory for persistence unit 'default'
2026-01-12 01:42:25 INFO  HikariDataSource:349 - HikariPool-1 - Shutdown initiated...
2026-01-12 01:42:25 INFO  HikariDataSource:351 - HikariPool-1 - Shutdown completed.
